canonical_path,norm_text_sha256,source_bundle,source_rel_path,source_zip,source_sha256
ai-docs/product_docs/html/Ø‡Æ£≠Æß Æ°Í•¨Æ¢.md,3ac89ff2f6452e85f4157b90be03a1cd90c1a66a7786036414a93a9a442d3012,HTML_ditto,HTML_ditto/Ø‡Æ£≠Æß Æ°Í•¨Æ¢.md,/Users/m/git/clients/rtneo/_incoming/telegram_20251105_184724/zips/HTML.zip,505ca9f325ffc08b33617e589fd460b393334132b11f018071468a6bc74007ac
ai-docs/product_docs/html/Ø‡•§´Æ¶•≠®• £‡†‰®™†.md,bc0841cf5e34eec8f14d4d395a1d128c6df05ca43fda555c184f27afacca0cf4,HTML_ditto,HTML_ditto/Ø‡•§´Æ¶•≠®• £‡†‰®™†.md,/Users/m/git/clients/rtneo/_incoming/telegram_20251105_184724/zips/HTML.zip,1a77266b9ecfaab0e8ade55951fc6908b7f3943e78d70f57b598bba5e26ab39c
ai-docs/product_docs/html/Ë´†£°†„¨.md,eeadeaa1b627189169d05bb1b3ca8d0298faa463b270979a0d9283b0d6eb1e2d,HTML_ditto,HTML_ditto/Ë´†£°†„¨.md,/Users/m/git/clients/rtneo/_incoming/telegram_20251105_184724/zips/HTML.zip,4ce0487c877f5712356b311cc0cca4f6acdb289ccc14c84fc1f04801790fe838
ai-docs/product_docs/html/md.md,4028129007e1ef1d312f1b47191a2b87b7f3dedc81db60bc4c0cf8184b6edaf5,HTML_ditto,HTML_ditto/md.md,/Users/m/git/clients/rtneo/_incoming/telegram_20251105_184724/zips/HTML.zip,50c17c24cad695ffcd70ba9d2e6a6058ee538cd17775a124c984af4cb3d79af9
ai-docs/product_docs/disp/intro.md,722b2615ead18aef9ef7e84c3e7f94f85d397971f23faca4ab28feda8fd07914,disp_ditto,disp_ditto/disp/intro.md,/Users/m/git/clients/rtneo/_incoming/telegram_20251105_184724/zips/disp.zip,5363abdab9fbc7407ed90dcd395423a152dfb3131d333d18455ba2cf7a24b17c
ai-docs/product_docs/disp/mails/template.md,c229e2eac924fe66e0025a4790379c1f8250294aeaba5a0d05155071973de7ac,disp_ditto,disp_ditto/disp/mails/template.md,/Users/m/git/clients/rtneo/_incoming/telegram_20251105_184724/zips/disp.zip,c4ef902b5f0e6f070c86c17eb7e71d08951cbcacc07ee604e193dd86a4a199c9
ai-docs/product_docs/disp/mails/view.md,367414e78b6e0aaf5af0c17824b74524bf75b0202d9037273b8632c76d867f02,disp_ditto,disp_ditto/disp/mails/view.md,/Users/m/git/clients/rtneo/_incoming/telegram_20251105_184724/zips/disp.zip,11bb89e1e7640228b3bb09c76c1f6b2ac796094af707f1b9eaebddcca155739f
ai-docs/product_docs/disp/mails/create.md,3da928b1b98a69af8d51fe6534bb4b02caa3ab7f5922b7a56384257f147d9b9e,disp_ditto,disp_ditto/disp/mails/create.md,/Users/m/git/clients/rtneo/_incoming/telegram_20251105_184724/zips/disp.zip,3a989b43a383e1e79650fc6df63b931332c9a32527337305920ada10935302c0
ai-docs/product_docs/disp/prepare/ts.md,104da1d89f4a573f934a902a2ee0897188c384e23b1932cd9c89e47baf5e6ed8,disp_ditto,disp_ditto/disp/prepare/ts.md,/Users/m/git/clients/rtneo/_incoming/telegram_20251105_184724/zips/disp.zip,51656cb98f9548f6db8c1c4cb1f9e669883c48d86c24b78eacdbd17d9ad5659c
ai-docs/product_docs/disp/prepare/prepare.md,10b6fe067fee446b735ebf859df9e15b3dc6625c06f233eea1e5b64b87f5ac5e,disp_ditto,disp_ditto/disp/prepare/prepare.md,/Users/m/git/clients/rtneo/_incoming/telegram_20251105_184724/zips/disp.zip,e1b1e08508c7c146ee48e5d7e2b61b76a24df1e7c95fb20081f1a33a96894526
ai-docs/product_docs/disp/prepare/faq.md,a1a0848f4f161af6d1991845aef74140640a8aa45e4b4954262cdf4173678887,disp_ditto,disp_ditto/disp/prepare/faq.md,/Users/m/git/clients/rtneo/_incoming/telegram_20251105_184724/zips/disp.zip,d9eea275f19c9d2be3f2afafde1e737b6a5782fc6ae882df8fa3eee8c788788a
ai-docs/product_docs/disp/prepare/employees.md,b96a14cb41bc99215bf2981cc75e507db4ebb69e2a44dbe3c7e33dfa8fce1aff,disp_ditto,disp_ditto/disp/prepare/employees.md,/Users/m/git/clients/rtneo/_incoming/telegram_20251105_184724/zips/disp.zip,7a81a3dc75da9228247f08860739a73f63225c05234da43f395e67962a307113
ai-docs/product_docs/disp/prepare/gps.md,6ae304904b668fb83c87a6bf4b474342f30c2c77790cd6e8ce801d6a93219194,disp_ditto,disp_ditto/disp/prepare/gps.md,/Users/m/git/clients/rtneo/_incoming/telegram_20251105_184724/zips/disp.zip,81938597bb1ba61779e1eb4fd1dd1ce0ce8196c8457d8d5ddd92635609db3aa5
ai-docs/product_docs/disp/prepare/geo.md,110cace7eaedacbb7e2222bbf642b5d78ab2b0f77b904d508af0d09b81477203,disp_ditto,disp_ditto/disp/prepare/geo.md,/Users/m/git/clients/rtneo/_incoming/telegram_20251105_184724/zips/disp.zip,b0242475bed1a10fa52aafad9b0993efc163d55fe312331491610e39b70236bc
ai-docs/product_docs/disp/prepare/terms.md,44edea05f9ee68e0871235f5bea504c8ac91946eadf47374197e9b51cfdd04f4,disp_ditto,disp_ditto/disp/prepare/terms.md,/Users/m/git/clients/rtneo/_incoming/telegram_20251105_184724/zips/disp.zip,5d42411782bb56e883ee80cd3803d7c95b3e29f33b48b6d06c1987a43d811ed1
ai-docs/product_docs/disp/prepare/regions.md,50951d745d337234f01c337d489711d9b1e9c41065f18f88e5338947f1895b6e,disp_ditto,disp_ditto/disp/prepare/regions.md,/Users/m/git/clients/rtneo/_incoming/telegram_20251105_184724/zips/disp.zip,66c92d50ffd8195331586cb4e7ed7a88738b7d572d13c0af4bbc50c7128607c8
ai-docs/product_docs/disp/prepare/mobile.md,3e7ea61db8597b0e5a514b664b987e30c3b27ad642b0fdfc56e411d55d539d2d,disp_ditto,disp_ditto/disp/prepare/mobile.md,/Users/m/git/clients/rtneo/_incoming/telegram_20251105_184724/zips/disp.zip,8d094593a4bcbb9f50c3ee7e2267df6e7cf87ab8702ccd02cfd5a7224d37d980
ai-docs/product_docs/disp/prepare/carrier.md,28bfba3c6e0818061f42fc91b90c292a83365981979d5ddf0e568c2cd2a88f17,disp_ditto,disp_ditto/disp/prepare/carrier.md,/Users/m/git/clients/rtneo/_incoming/telegram_20251105_184724/zips/disp.zip,07e4b942177b43dc019b780a3b854f076151802c76698e778457f4cf270e5a6a
ai-docs/product_docs/disp/verify/act.md,b477a8bda56849e41440bf9b66ba4cb16ab7ae12aaf732516603be8a924be9cb,disp_ditto,disp_ditto/disp/verify/act.md,/Users/m/git/clients/rtneo/_incoming/telegram_20251105_184724/zips/disp.zip,65dd2e655bec2248945311554e7884cb00adf3303f73deba50795d66c5ee2269
ai-docs/product_docs/disp/verify/driver.md,c3e838ffdb0ed1680db7b2e01743b9748db35331de7a23c316efd73a81ce5e88,disp_ditto,disp_ditto/disp/verify/driver.md,/Users/m/git/clients/rtneo/_incoming/telegram_20251105_184724/zips/disp.zip,213957490301716526728c6152229b3349153484774f21aa4c85e16021fb6a34
ai-docs/product_docs/disp/verify/create.md,7e850e7e0f698e6177ff88abc9aa967f7ef37a1da0b79cf314e49bd3a37937f4,disp_ditto,disp_ditto/disp/verify/create.md,/Users/m/git/clients/rtneo/_incoming/telegram_20251105_184724/zips/disp.zip,9d20dcbf7aa636991ef62d5e8d01b6dc44f693f7c3a88ed2fb8592397fffb370
ai-docs/product_docs/disp/plan/search.md,de68a01714a3d735c777bbb73e807c8ccc7c6ea2eca239f20e0be1128a7a244c,disp_ditto,disp_ditto/disp/plan/search.md,/Users/m/git/clients/rtneo/_incoming/telegram_20251105_184724/zips/disp.zip,59849a2f2eb7290a49be034b3f28aaddd86d670c4471121c2bb891a142db94dc
ai-docs/product_docs/disp/plan/plans.md,d220cc4b13ffe2decc688ff1e798488592607f10efbf91f3f7d3ad7b780fd0bc,disp_ditto,disp_ditto/disp/plan/plans.md,/Users/m/git/clients/rtneo/_incoming/telegram_20251105_184724/zips/disp.zip,33bc01eee6c52968fe221d53533e12b26304691523cb0e1c3f365f06fc865755
ai-docs/product_docs/disp/plan/move.md,6014c87af75ad8e9b0e244e0f26f1fea6b930910f63c777878841844849f5d14,disp_ditto,disp_ditto/disp/plan/move.md,/Users/m/git/clients/rtneo/_incoming/telegram_20251105_184724/zips/disp.zip,0ba75283d452e70e362eaea4bfb242223ada5361e30b49fd10f33f94007b6737
ai-docs/product_docs/disp/plan/optimal.md,91a8762f1683c594dfae06bd0ee438b564c946f10bff742da9d11ddec9ebef7b,disp_ditto,disp_ditto/disp/plan/optimal.md,/Users/m/git/clients/rtneo/_incoming/telegram_20251105_184724/zips/disp.zip,9187b393bf5ec015b588d2b95f8fce66ddf5fe3dab279cbc93dd3edf3c8968a2
ai-docs/product_docs/disp/plan/user-activity.md,30eb118936b11ff59e64d925a28273f17d36619f5682e7d8f570499da86efe9d,disp_ditto,disp_ditto/disp/plan/user-activity.md,/Users/m/git/clients/rtneo/_incoming/telegram_20251105_184724/zips/disp.zip,7eaba28b2b6775b59cf6807128b356216f8ff2346d162fb474fcfe3b572ce8f8
ai-docs/product_docs/disp/plan/plantransfer.md,0086ffff651affb585ba4e31b97b51a3fb950c818ae3b896708297929603f2b0,disp_ditto,disp_ditto/disp/plan/plantransfer.md,/Users/m/git/clients/rtneo/_incoming/telegram_20251105_184724/zips/disp.zip,54babc895abf0887d99af6ccd35c74c572bd06020e03a7bcfde2fca7639dd907
ai-docs/product_docs/disp/plan/kgo.md,dd69b36b3da7291d34162bfdccb679aa7479cf6fff2daf5e55c0b47b61d182dd,disp_ditto,disp_ditto/disp/plan/kgo.md,/Users/m/git/clients/rtneo/_incoming/telegram_20251105_184724/zips/disp.zip,24d6312fa0c467d861c6afd50824704b715b50e3809ff0f72cd7438006cdbb2b
ai-docs/product_docs/disp/plan/unloading.md,fa403d0be5b35f7808b98a12fb12ef1afe88d36cf0795c4b5e85cd4bb8b86f2c,disp_ditto,disp_ditto/disp/plan/unloading.md,/Users/m/git/clients/rtneo/_incoming/telegram_20251105_184724/zips/disp.zip,82ea80dbfabc7877121f6bd8b9ec18be75f0fb6c3b58963b13be82bbd9c7c49f
ai-docs/product_docs/disp/plan/double-crew.md,a945bfc1c76dcd32e783b0f93a2d98bf1a6e86decb4aff6862982648aabb718a,disp_ditto,disp_ditto/disp/plan/double-crew.md,/Users/m/git/clients/rtneo/_incoming/telegram_20251105_184724/zips/disp.zip,d32cd8bb942756577426bc37594c762c62e6f109ee137cb881feb7bd35e288d7
ai-docs/product_docs/disp/plan/merge-routes.md,a0512a2c7f74075c578a386d1c9059754f0bb3a6e4ce69d535f7fca379c04255,disp_ditto,disp_ditto/disp/plan/merge-routes.md,/Users/m/git/clients/rtneo/_incoming/telegram_20251105_184724/zips/disp.zip,2789f998c21fb435373325b04702c48aabe7ab89e54f7a1776449b12d59f4258
ai-docs/product_docs/disp/plan/multi.md,8268f5d12da993c1089f6704ff2e7eca369b6389869ae131898eec8e3aff43e5,disp_ditto,disp_ditto/disp/plan/multi.md,/Users/m/git/clients/rtneo/_incoming/telegram_20251105_184724/zips/disp.zip,ea65f7c3705371b080c51e153070bd5674142eab7460d3b509d473c9e6ae0b70
ai-docs/product_docs/disp/plan/weight-task.md,424b958482642be4068a72fc6f17a841ee9039e31e131827591f3f56542fc807,disp_ditto,disp_ditto/disp/plan/weight-task.md,/Users/m/git/clients/rtneo/_incoming/telegram_20251105_184724/zips/disp.zip,e8ed01530e4f9679e3aa3a959cf5831a6073396a4b8eb8265fd3ef9ce6a7a30a
ai-docs/product_docs/disp/plan/violations/shedule-violations.md,fce17e9eef7c1d90bad197136d19e05fcdc185595dcb12e7c47ab28d73032cce,disp_ditto,disp_ditto/disp/plan/violations/shedule-violations.md,/Users/m/git/clients/rtneo/_incoming/telegram_20251105_184724/zips/disp.zip,a6a4621bd1c7b88f766e7c059ad413a60809994a4eeaa2e9537803036a6a6933
ai-docs/product_docs/disp/plan/violations/rubbish-heap.md,5d4f3bf820b03f17565d1ef24137716e1bbc054fdd939e5f2a932ccaa0814443,disp_ditto,disp_ditto/disp/plan/violations/rubbish-heap.md,/Users/m/git/clients/rtneo/_incoming/telegram_20251105_184724/zips/disp.zip,665dd728007353101385e065fe132a47a2b88bd2f660be6296c6485b0d52821f
ai-docs/product_docs/disp/release/release.md,90d3d85b43a530af6578dbfa98e2cd611f928511d0937e81732564be73c97344,disp_ditto,disp_ditto/disp/release/release.md,/Users/m/git/clients/rtneo/_incoming/telegram_20251105_184724/zips/disp.zip,8ed884aca8076d99b066789781333a409dbe86d8a8e17b9ef8584fc7e1bb68f2
ai-docs/product_docs/disp/req/applications for cancellation of export.md,37460a217d1fee8101101440188bb978bbf3398a85db723e05e606b71508b751,disp_ditto,disp_ditto/disp/req/applications for cancellation of export.md,/Users/m/git/clients/rtneo/_incoming/telegram_20251105_184724/zips/disp.zip,aa57f2433f13c87b0a18116c027819d1f7f653c97900a35885c88fd4427a4b85
ai-docs/product_docs/disp/req/applications of export.md,999ebb78cce4a3e06be8d998b24c977677083bd78be3b4a79230d5281eb78e9d,disp_ditto,disp_ditto/disp/req/applications of export.md,/Users/m/git/clients/rtneo/_incoming/telegram_20251105_184724/zips/disp.zip,f3eb6ed26607117648cac97b02b8d4227d2d525d3c3401577d49c9dab476412a
ai-docs/product_docs/disp/req/other.md,5264b4b05d1dde2d54ca3bbf790eec68c277c81664ade2996a876b92be90afcf,disp_ditto,disp_ditto/disp/req/other.md,/Users/m/git/clients/rtneo/_incoming/telegram_20251105_184724/zips/disp.zip,e3ffb43c91dc5f1889150a41d3bdae57d06a3e321ad030c02bf41a64825535fe
ai-docs/product_docs/disp/mobile/messages.md,1caad7112e15752e7dc5fe0ef7f31c50a7d01fbac53a7c665ecbc66538af46fd,disp_ditto,disp_ditto/disp/mobile/messages.md,/Users/m/git/clients/rtneo/_incoming/telegram_20251105_184724/zips/disp.zip,8e337187ca4c6bb81bc94dea3147c671acb02ed3522099ef531f53b1df255573
ai-docs/product_docs/disp/mobile/inventory.md,d86131bebcd54b28b2b26a609a29dd5a6633d429d231d8cd106718002dffeb19,disp_ditto,disp_ditto/disp/mobile/inventory.md,/Users/m/git/clients/rtneo/_incoming/telegram_20251105_184724/zips/disp.zip,f5eecb654beb44a92ef3030e9294f9c3d2afe418e1fc223623d651937f855cec
ai-docs/product_docs/disp/mobile/driver.md,52004af31707ee3872ead66f4159b64b9db51950cfe5fd228a2f5cfe3605c7ff,disp_ditto,disp_ditto/disp/mobile/driver.md,/Users/m/git/clients/rtneo/_incoming/telegram_20251105_184724/zips/disp.zip,7f1b2e1f56aff5622d4f30311f67d574ddfb18c187e19bcbd38dcddbbedd0535
ai-docs/product_docs/disp/mobile/verification.md,6e60c3bbeb73badc8681e5a67ee5c23ce871692ef8f0eb11c2f66a17a33a1453,disp_ditto,disp_ditto/disp/mobile/verification.md,/Users/m/git/clients/rtneo/_incoming/telegram_20251105_184724/zips/disp.zip,1fe47dc83669602329abc16e561883915a5d7b4de28561cff075e6eb087aa82a
ai-docs/product_docs/disp/mobile/release.md,cf8c15526911dcf6673c9be6d314d5df2af3f6b2e2cb438d0c38ccecc853895d,disp_ditto,disp_ditto/disp/mobile/release.md,/Users/m/git/clients/rtneo/_incoming/telegram_20251105_184724/zips/disp.zip,06683abf1863e4f48d42b338a327b2bd202432e66131904af3b330551fcf992f
ai-docs/product_docs/disp/mobile/notes.md,e8e66c9832a4428dc47ee53f9431520066823a5ebf6f650ae67b43c8d01f5bc3,disp_ditto,disp_ditto/disp/mobile/notes.md,/Users/m/git/clients/rtneo/_incoming/telegram_20251105_184724/zips/disp.zip,a1723dfa7693a5cc6395215086dd761b46137a216fb9b2b3e778d1fa0776bc85
ai-docs/product_docs/disp/registry/temp.md,92a1a1e95cc4b83e5b99891eb1a0a974808d5cfa137926e50f922f73b0945daf,disp_ditto,disp_ditto/disp/registry/temp.md,/Users/m/git/clients/rtneo/_incoming/telegram_20251105_184724/zips/disp.zip,99c11cedd0f2459430541411f2c81270328592e2c3e753b5f1d4bdda4c9a09f3
ai-docs/product_docs/disp/registry/collection-point.md,7ec35343cee4819d50fd57bcf5fc4073e213630f7fcab8d1a0bded54df032ace,disp_ditto,disp_ditto/disp/registry/collection-point.md,/Users/m/git/clients/rtneo/_incoming/telegram_20251105_184724/zips/disp.zip,36dad185b73b06c8091f2e4796c9b95ef1ba07caf88afcd750cee7952948a271
ai-docs/product_docs/disp/registry/voice.md,95b2a59ac1f85db4043e38403c6fbc4b4a1e6f9f020d9cf189edb98fce19a276,disp_ditto,disp_ditto/disp/registry/voice.md,/Users/m/git/clients/rtneo/_incoming/telegram_20251105_184724/zips/disp.zip,6e5e7833d0282ad65f493a14aab2a1606d00e58a495e2bb84544470a7282d910
ai-docs/product_docs/disp/registry/inventory.md,cca994a86de5ea3ce19e57d5784bf9e336aeaf66d8631e5ee92ad56726da126d,disp_ditto,disp_ditto/disp/registry/inventory.md,/Users/m/git/clients/rtneo/_incoming/telegram_20251105_184724/zips/disp.zip,25884544b95f22399d35b1e3c7466c9d2bb67df80ef112b797f1df5350dc9afd
ai-docs/product_docs/disp/registry/routes.md,74f4b9e1334b35946049d40b163e32f26251cbdfb2afa7b25decd7c532f8c8f4,disp_ditto,disp_ditto/disp/registry/routes.md,/Users/m/git/clients/rtneo/_incoming/telegram_20251105_184724/zips/disp.zip,8b202bc56c66b5b99363beacda5f4f542b0a48acd370a5a52dbe7e45d4c82e91
ai-docs/product_docs/disp/registry/schedule.md,641ec27a92205f5bcbb91b654a2f18ff089fc70be9a83510dcee95ea7183e42b,disp_ditto,disp_ditto/disp/registry/schedule.md,/Users/m/git/clients/rtneo/_incoming/telegram_20251105_184724/zips/disp.zip,e9d2ab7df12732567e601a4674be62bd2edcf35414a7a2bbfdf8d2f40e31439d
ai-docs/product_docs/disp/registry/contacts.md,0ae5c410f907ecbe41f38b1026959b4269ee94f577b5a4221b1049e97ca8683f,disp_ditto,disp_ditto/disp/registry/contacts.md,/Users/m/git/clients/rtneo/_incoming/telegram_20251105_184724/zips/disp.zip,4979cdf9d75718f65e3cd06c83c5d8596fb1d7287ea3605edfbec4dc29799713
ai-docs/product_docs/disp/registry/tags.md,8683fcac5a731ac46fbc80568571ab21b28b99755261ba743dad7db5e33fe2c8,disp_ditto,disp_ditto/disp/registry/tags.md,/Users/m/git/clients/rtneo/_incoming/telegram_20251105_184724/zips/disp.zip,3f84d3c0d235de85e7afa6c34bf7f0e1df564d16ac74e95d04c4ec784ec042f2
ai-docs/product_docs/disp/registry/containers.md,464068f80d60c23bb628abeb3170a46b6eb180d6b67f232fcc2442a3ec5be05e,disp_ditto,disp_ditto/disp/registry/containers.md,/Users/m/git/clients/rtneo/_incoming/telegram_20251105_184724/zips/disp.zip,a9bd84df14f18d2c64f8dee298e3b49ab45a1de3cb72b1128378064a319e98cb
ai-docs/product_docs/disp/registry/registry.md,a0fcc493f5bba4aa2ee7c827617861f8d857711e5d202b9f8bdf814ccb2a19f7,disp_ditto,disp_ditto/disp/registry/registry.md,/Users/m/git/clients/rtneo/_incoming/telegram_20251105_184724/zips/disp.zip,d592c29673bb9c2e34e89512f79f8d4b9f0bed4911d07e35fa2369cb02c9772c
ai-docs/product_docs/disp/API/kp.md,1533d180f108c7dc3cfb054561476ac65c0708496a30641512e22f90aec26126,disp_ditto,disp_ditto/disp/API/kp.md,/Users/m/git/clients/rtneo/_incoming/telegram_20251105_184724/zips/disp.zip,8a7f36ace0634b79fd05c89c9c377798204d4cfdd54ece169cb180f5528791c9
ai-docs/product_docs/disp/API/new.md,4413b485fb692a124ceeb617ac022fa7fb2f58a1acfd405ada58d95090df330f,disp_ditto,disp_ditto/disp/API/new.md,/Users/m/git/clients/rtneo/_incoming/telegram_20251105_184724/zips/disp.zip,c163d2f4051b9329238566c17fd4875a9085f1c3e67251b42d92c6d913014650
ai-docs/product_docs/disp/API/reports.md,e1b0bade46be8bbf6cf700f329f0c575567a75f19e3b09497b388e05ff44af10,disp_ditto,disp_ditto/disp/API/reports.md,/Users/m/git/clients/rtneo/_incoming/telegram_20251105_184724/zips/disp.zip,1d9148d5656fc3fce82372cc46659983f3d7b686f7fb37b0cfcfb87866ecbb16
ai-docs/product_docs/disp/API/api.md,687af5439229d77bbf0a3efa578f128f53e737afe25761a19fa7b08bb2e90f00,disp_ditto,disp_ditto/disp/API/api.md,/Users/m/git/clients/rtneo/_incoming/telegram_20251105_184724/zips/disp.zip,c72013ff9b4e7837719dd2cc086cc3f9658ab0b81ab672bb0a2825ad419f78be
ai-docs/product_docs/disp/API/integration.md,f4a723548e4572fc16b73c744a78bb6202e76d9a52c7716b8b2696a5b1352639,disp_ditto,disp_ditto/disp/API/integration.md,/Users/m/git/clients/rtneo/_incoming/telegram_20251105_184724/zips/disp.zip,dd4eedd242e5ebe4fd4f5d8aa20aad96c8505d6557563fca33fb77ff4de37a61
ai-docs/product_docs/disp/API/verify.md,0e01b1cd3e506ea48926c8212fd22c7778dff76bb03fad0612f43ea15cdce6a5,disp_ditto,disp_ditto/disp/API/verify.md,/Users/m/git/clients/rtneo/_incoming/telegram_20251105_184724/zips/disp.zip,3ada79b77463e66e3f828c6cabe09752222bbb5d3bd9d4c9c38d01ef1780dd54
ai-docs/product_docs/disp/API/check.md,4cc2c71efa6cd070da895a8c15e9b10070513aa97b0b21c8dc2a3994769a5f85,disp_ditto,disp_ditto/disp/API/check.md,/Users/m/git/clients/rtneo/_incoming/telegram_20251105_184724/zips/disp.zip,e42c991d6e7320e9049ee684635bc38ab241cccfb6fec29e6543b87e9695f861
ai-docs/product_docs/disp/monitoring/search.md,57b05a6d04b635d8f2ebebc705a8a1e23e821c007823f857618d15b9a1fcd665,disp_ditto,disp_ditto/disp/monitoring/search.md,/Users/m/git/clients/rtneo/_incoming/telegram_20251105_184724/zips/disp.zip,4f72583674875fb9260f106ac71a9981ae70b70ab0fa45395e745929ee929ecd
ai-docs/product_docs/disp/monitoring/move.md,138bc6bc84b7710b24fb43b1fa098cb3570675c30f808a6e4aa057b70242caaf,disp_ditto,disp_ditto/disp/monitoring/move.md,/Users/m/git/clients/rtneo/_incoming/telegram_20251105_184724/zips/disp.zip,46a8e2cb54d14037145064d87f2822f612acddc007ee98cde5a85b960c5a3127
ai-docs/product_docs/disp/monitoring/fail.md,b43804619bef0e132ba3ebf8ae697d64f83c2e40815619f3a000d5b3a602fa1d,disp_ditto,disp_ditto/disp/monitoring/fail.md,/Users/m/git/clients/rtneo/_incoming/telegram_20251105_184724/zips/disp.zip,c8bd77d7b173c1e27f5bb5acbc55a952e125a36071b94112191b3cba92a3aedb
ai-docs/product_docs/disp/monitoring/map.md,8cda036b7a0492dd6f70b523ea9948644f5e8095603c7aab967b9f778e0550fc,disp_ditto,disp_ditto/disp/monitoring/map.md,/Users/m/git/clients/rtneo/_incoming/telegram_20251105_184724/zips/disp.zip,b72d8f40966d077c122d9b8f13d44c0c617ff953c1e85d4ee3321a8ad5112124
ai-docs/product_docs/disp/monitoring/view.md,7e8655a75e6d5dafec0e29cd34072adbbfce1baf5dd0bd99d70e103ef7cbc191,disp_ditto,disp_ditto/disp/monitoring/view.md,/Users/m/git/clients/rtneo/_incoming/telegram_20251105_184724/zips/disp.zip,1dd6e4db94f94c999c7cf24746403a405362c54fdd7e4d3cfc765c7cdcf66f63
ai-docs/product_docs/disp/monitoring/intro.md,4617a904945760552d3a67aad14c63211a171d848f01b23894239a16a996b4bf,disp_ditto,disp_ditto/disp/monitoring/intro.md,/Users/m/git/clients/rtneo/_incoming/telegram_20251105_184724/zips/disp.zip,271221d59ab831da56a3d48cf966f851e64b60614c923b4e404b8f4f9d3a4747
ai-docs/product_docs/disp/monitoring/options.md,14aaf7c58c869d0e2ff3550a318d7aefb847a57994bfb69ed219c0f38042a21c,disp_ditto,disp_ditto/disp/monitoring/options.md,/Users/m/git/clients/rtneo/_incoming/telegram_20251105_184724/zips/disp.zip,629891e56a27355c2003eebb96bd222e29965650bb2da239fd4f5aef95f22531
ai-docs/product_docs/disp/monitoring/unloading.md,9fc8a1d3af92d835d2cd587cd9de4e10bdb4e93a53ed4aa5fed8881570336b91,disp_ditto,disp_ditto/disp/monitoring/unloading.md,/Users/m/git/clients/rtneo/_incoming/telegram_20251105_184724/zips/disp.zip,4b8b89afbbced8e2a7e0eddd6462ccfbd2527d9e89e24ffde913cf67785c469f
ai-docs/product_docs/disp/monitoring/control.md,b32c17c12867e2c8304c780b7083ace05fb6239c2b95c2650da74584cbe17e50,disp_ditto,disp_ditto/disp/monitoring/control.md,/Users/m/git/clients/rtneo/_incoming/telegram_20251105_184724/zips/disp.zip,7b1ef020e2f8db40a7e6b3eff90aa3083021c94212bf70c76395d7e6a096b3a3
ai-docs/product_docs/disp/monitoring/end-of-work.md,7fae89742471a844d9008e6f92bbc6ee0807e23d9558841d66bc47544566a68d,disp_ditto,disp_ditto/disp/monitoring/end-of-work.md,/Users/m/git/clients/rtneo/_incoming/telegram_20251105_184724/zips/disp.zip,0cbc11b6f2b95bae1ba5da5e440609a7d838ca875adc6a046c7c07f43dc07f5d
ai-docs/product_docs/disp/routes/search.md,384117d62220635373c2a8beb30fc737661873fdbc9b27e7ca532ec58184be2d,disp_ditto,disp_ditto/disp/routes/search.md,/Users/m/git/clients/rtneo/_incoming/telegram_20251105_184724/zips/disp.zip,cbce4dddff18d22f70e12eb2c37c97bd188c4fa5f617f1f57ef61ed31c0bd4ad
ai-docs/product_docs/disp/routes/move.md,404cede882feb3b0e9490833985229c747cb31feef71f23a2d2aa8c2c0ed4417,disp_ditto,disp_ditto/disp/routes/move.md,/Users/m/git/clients/rtneo/_incoming/telegram_20251105_184724/zips/disp.zip,41e3dd91536794b7f880af7592b8b137eb8c8ee2517354eabc081ff985270d7a
ai-docs/product_docs/disp/routes/delete-kg.md,2a5c354fa69558959b3bd3afdf91fa9e22de8f7c1f94e51b3820dc2fbff855ba,disp_ditto,disp_ditto/disp/routes/delete-kg.md,/Users/m/git/clients/rtneo/_incoming/telegram_20251105_184724/zips/disp.zip,d579610f77a45c26488be02c15353fff55f602af62778e788f4c93f3cbf919d8
ai-docs/product_docs/disp/routes/routes.md,dbfb34cd29acabe5a10b41118b5d834c6b2f68dd239d80e84da968a8a4f80c72,disp_ditto,disp_ditto/disp/routes/routes.md,/Users/m/git/clients/rtneo/_incoming/telegram_20251105_184724/zips/disp.zip,40be48f02f48707e57d607527e693b3f085b4649b73880ca54ec950b64f55547
ai-docs/product_docs/disp/routes/update-route.md,9f3ee86fca59fde8086c1bf91df625d00a0d74dfa33ae4ca6814cdd6b1fa19da,disp_ditto,disp_ditto/disp/routes/update-route.md,/Users/m/git/clients/rtneo/_incoming/telegram_20251105_184724/zips/disp.zip,d4cea4bb36a0855210a0fb853f483f51f816e3b254dcafb1bfb901d71791683c
ai-docs/product_docs/disp/routes/routes-schedule.md,00bed31bd56e19ca1d4b6c7b1ffeea336227054e1392d6bd8757c84d886a766f,disp_ditto,disp_ditto/disp/routes/routes-schedule.md,/Users/m/git/clients/rtneo/_incoming/telegram_20251105_184724/zips/disp.zip,325400fe0e407692bf2a538701d417ff1c0db74ba1d3cea102b94b7c621f23a2
ai-docs/product_docs/disp/routes/forecast.md,83f56c3e451df56556d8b1d72e29c9fe78b3907730c3df633af5ecc16a752171,disp_ditto,disp_ditto/disp/routes/forecast.md,/Users/m/git/clients/rtneo/_incoming/telegram_20251105_184724/zips/disp.zip,cdd33e252fd952060947505c8edcbb842442e0c7980e7f66d6e8465abddafcf7
ai-docs/product_docs/disp/routes/user-activity.md,67ccd25e73c24fc8301657b52fa73df834b3fc3d5b955aa1c0c2bc36f8501380,disp_ditto,disp_ditto/disp/routes/user-activity.md,/Users/m/git/clients/rtneo/_incoming/telegram_20251105_184724/zips/disp.zip,d802b5645eb1c9141f57ea0394c4fee1125204dbb160192c0dd3c640e848680b
ai-docs/product_docs/disp/routes/routes-editor.md,4fe6bcbc2766c83cd295326ba97ca4fdbae3782265d317609907b535e803035a,disp_ditto,disp_ditto/disp/routes/routes-editor.md,/Users/m/git/clients/rtneo/_incoming/telegram_20251105_184724/zips/disp.zip,ccd7c63b7331e4c2c3d94116c5ca47057e464033afa268c3f025546ebc8ac35a
ai-docs/product_docs/disp/routes/unloading.md,e2d8daabb960349d5dba1cf6196cf52f61c277600321dbafc5c2a31961bb3eb7,disp_ditto,disp_ditto/disp/routes/unloading.md,/Users/m/git/clients/rtneo/_incoming/telegram_20251105_184724/zips/disp.zip,0bc3c8d1de539c68e27bc7a5b49e34c7a79996645e1c9d5c19ec137d1ae84c62
ai-docs/product_docs/disp/control/report-kp.md,3fd51abb5ee41c409c48021561f6973a4541ad80fb8b20bdc0cb56202789c120,disp_ditto,disp_ditto/disp/control/report-kp.md,/Users/m/git/clients/rtneo/_incoming/telegram_20251105_184724/zips/disp.zip,5e7a0369ff382481a3cce6d4059894ceb939deaa786e65921c5b95c687626519
ai-docs/product_docs/disp/control/report-breakdown.md,ca2b66e9f00b0145c862e288698ebc5393efebabf8fcd915ddba48659d0a376f,disp_ditto,disp_ditto/disp/control/report-breakdown.md,/Users/m/git/clients/rtneo/_incoming/telegram_20251105_184724/zips/disp.zip,e4fbe2e00d4b8dfa03a8393ba9e325afb9a20bce6025dcce5ef6629a9817ce98
ai-docs/product_docs/disp/control/report-problem.md,5cb797ff19d6c204133211c9970658463890bbdf61e8bc2a67f26494bc02b6c1,disp_ditto,disp_ditto/disp/control/report-problem.md,/Users/m/git/clients/rtneo/_incoming/telegram_20251105_184724/zips/disp.zip,5e592f465ae7f41aae0cfb5d69012f185f59d68b310e21b0e2813a248ac4e4a8
ai-docs/product_docs/disp/control/plan.md,a68eacdd2f18d99769e325c76c478a83a5e82e0304fd78f1510f9e69c8fa859b,disp_ditto,disp_ditto/disp/control/plan.md,/Users/m/git/clients/rtneo/_incoming/telegram_20251105_184724/zips/disp.zip,67be60645a861aa037c208a365daae74914aace787273248bb46ba2807d1e6f1
ai-docs/product_docs/disp/control/dumps.md,6001451d9e1ead3995cb9acfc321d24e76f674d4ee99593cafd4d767dc685349,disp_ditto,disp_ditto/disp/control/dumps.md,/Users/m/git/clients/rtneo/_incoming/telegram_20251105_184724/zips/disp.zip,898dbdbf4a69e86ad6569eb999516381f908146b58d5722a0dd88c0468112daf
ai-docs/product_docs/disp/control/control.md,3c4cff0f27d39a6ef29d815f1cc3a5944fb71f852e8a83f49c736956f5941366,disp_ditto,disp_ditto/disp/control/control.md,/Users/m/git/clients/rtneo/_incoming/telegram_20251105_184724/zips/disp.zip,76aa09dda692decae6af013b08630b2f7a33cbbcbfad28a40d1e2bae3eac5bf9
ai-docs/product_docs/disp/reports/weight/weight-report.md,57cf87e00c9f9103f48b653d238c9ea72c514d6d6d7e1a7dd5d120932cdc46dd,disp_ditto,disp_ditto/disp/reports/weight/weight-report.md,/Users/m/git/clients/rtneo/_incoming/telegram_20251105_184724/zips/disp.zip,153fd568c9d664ce66142cb713c18de68d60a11639d0df325e8f54c08021c470
ai-docs/product_docs/disp/reports/weight/short-report.md,7c4cab372ee9ed19533050d4beba00b59ca308081ad2edcbd2ae507ce9e33262,disp_ditto,disp_ditto/disp/reports/weight/short-report.md,/Users/m/git/clients/rtneo/_incoming/telegram_20251105_184724/zips/disp.zip,f9f0221c1f5bf3d61c45cc518eec4b81df2bc633e49dbbde097ae32a276ed6b0
ai-docs/product_docs/disp/reports/month/byMonth.md,88d9df05c37820e0d123d84a3c46650130b572ec22c21a773819040b7e3d8485,disp_ditto,disp_ditto/disp/reports/month/byMonth.md,/Users/m/git/clients/rtneo/_incoming/telegram_20251105_184724/zips/disp.zip,a2594bd34171d125d9deabf755a0e0d5157c76dd62bd969a314d12c42d832b88
ai-docs/product_docs/disp/reports/transport/average-report.md,062c87ce484a41c89e33390535a097b15c5a09f52fa9e68966d5eb69284cdcf4,disp_ditto,disp_ditto/disp/reports/transport/average-report.md,/Users/m/git/clients/rtneo/_incoming/telegram_20251105_184724/zips/disp.zip,a42ff66fcfec6c146a0660371138b6affbc5bc74e91b82e39d5dbae8dc5bad7e
ai-docs/product_docs/disp/reports/transport/transport-report.md,156d04263b747671ead0e19fc9715050d53fb64bbd10e8abc934020c5cf0209e,disp_ditto,disp_ditto/disp/reports/transport/transport-report.md,/Users/m/git/clients/rtneo/_incoming/telegram_20251105_184724/zips/disp.zip,7d1203c08953f51d3dd5650c96cfbfca3dbf0425ebe0d767928bf1b2c34a3139
ai-docs/product_docs/disp/reports/transport/stop-report.md,93e31426b57388f575e644eccaa074edf863a01d386a535638b0d603aa49cb56,disp_ditto,disp_ditto/disp/reports/transport/stop-report.md,/Users/m/git/clients/rtneo/_incoming/telegram_20251105_184724/zips/disp.zip,8cc02cb0175f424539b5b675217464e4064bf9fcf503b5b822ab5ff59739dc80
ai-docs/product_docs/disp/reports/fact/fact-edit.md,cdd528ed49c99b606a026fad2323d5470a4e2d764a3c4d4890a760a317553c29,disp_ditto,disp_ditto/disp/reports/fact/fact-edit.md,/Users/m/git/clients/rtneo/_incoming/telegram_20251105_184724/zips/disp.zip,9808af4cfdd7d2267d74b7f4a0fac7adc0e749275577c21f66783368657e7771
ai-docs/product_docs/disp/reports/fact/fact-kp.md,c19cae6a1b4bc68e94fda67157c9c6ce95ee0030039d52bb1eb9c8a8aefc4d84,disp_ditto,disp_ditto/disp/reports/fact/fact-kp.md,/Users/m/git/clients/rtneo/_incoming/telegram_20251105_184724/zips/disp.zip,e2cf5bb5b96175f5e56dccc08d3616cf47a3fafe53ec7d7ea0ee2ea411a109b3
ai-docs/product_docs/disp/reports/fact/fact - summary.md,436dec3da26d4880564d7a13af31e44d4d1348ea19d13349f402750d1b91fa30,disp_ditto,disp_ditto/disp/reports/fact/fact - summary.md,/Users/m/git/clients/rtneo/_incoming/telegram_20251105_184724/zips/disp.zip,97b7395b0e984e9b09593297fd24fed3f0ea1a7232da277f023c9df156a3fe46
ai-docs/product_docs/disp/reports/fact/fact-driver.md,eb0db3314372d144b6bc389607434b3d6aacb0049a2f44ba7e9a7a440e3b77f2,disp_ditto,disp_ditto/disp/reports/fact/fact-driver.md,/Users/m/git/clients/rtneo/_incoming/telegram_20251105_184724/zips/disp.zip,0eaa90d4e72cb1bde1d9778081e82b19e531fb61c2a073083442191e12ee9695
ai-docs/product_docs/disp/reports/volume/volumes.md,26225f58934c2c2f20c48a03c5a166fa3983583163c2774c24a401ffefe2f5b7,disp_ditto,disp_ditto/disp/reports/volume/volumes.md,/Users/m/git/clients/rtneo/_incoming/telegram_20251105_184724/zips/disp.zip,41be3cbd4c251fbd45f8d39e5b822df5674844adf2003f30be492454d465b76e
ai-docs/product_docs/src/_widgets/readme.md,370dd77871228ae60d5b3fff3a14055621f4ca3ae904dbccb08a85e5a4c11dcd,src_ditto,src_ditto/_widgets/readme.md,/Users/m/git/clients/rtneo/_incoming/telegram_20251105_184724/zips/src.zip,370dd77871228ae60d5b3fff3a14055621f4ca3ae904dbccb08a85e5a4c11dcd
ai-docs/product_docs/src/_entities/readme.md,720297b3dcbfc2fde1dd0d8e3e36b360d5988200f3f0146a6680775ed0c1750e,src_ditto,src_ditto/_entities/readme.md,/Users/m/git/clients/rtneo/_incoming/telegram_20251105_184724/zips/src.zip,720297b3dcbfc2fde1dd0d8e3e36b360d5988200f3f0146a6680775ed0c1750e
ai-docs/product_docs/src/_shared/components/table/base-table/ui/readme.md,7c2f5a9307f80dc51d731249854bc6ddc4f262e7b114ff2e4eef6935de3f5967,src_ditto,src_ditto/_shared/components/table/base-table/ui/readme.md,/Users/m/git/clients/rtneo/_incoming/telegram_20251105_184724/zips/src.zip,aacacd5bc68e59da7399b3bb9f7abd2effeae709475e18b6d9f9c3609c2450ff
ai-docs/product_docs/src/_app/readme.md,45e2b06b21d97f511c9d6cf45c0710c2d9038509aad545ca1e9dccb7f173d006,src_ditto,src_ditto/_app/readme.md,/Users/m/git/clients/rtneo/_incoming/telegram_20251105_184724/zips/src.zip,45e2b06b21d97f511c9d6cf45c0710c2d9038509aad545ca1e9dccb7f173d006
