account_id,timestamp,event_type
acme-aws-001,2024-10-26,contract_signed
acme-aws-001,2024-10-29,link_click
acme-aws-001,2024-10-30,link_click
acme-aws-001,2024-11-04,report_open
acme-aws-001,2024-11-06,report_open
acme-aws-001,2024-11-08,proposal_download
acme-aws-001,2024-11-09,proposal_download
acme-aws-001,2024-11-12,email_open_only
acme-aws-001,2024-11-15,report_open
acme-aws-001,2024-11-16,contract_signed
acme-aws-001,2024-11-20,contract_signed
acme-aws-001,2024-11-22,proposal_download
acme-aws-001,2024-11-23,report_open
acme-aws-001,2024-11-24,contract_signed
acme-aws-001,2024-11-26,content_download
acme-aws-001,2024-11-30,report_open
acme-aws-001,2024-12-09,proposal_download
acme-aws-001,2024-12-18,meeting_accept
acme-aws-001,2024-12-19,content_download
acme-aws-001,2024-12-22,link_click
acme-aws-001,2024-12-29,contract_signed
acme-aws-001,2025-01-03,report_open
acme-aws-001,2025-01-05,contract_signed
acme-aws-001,2025-01-09,report_open
acme-aws-001,2025-01-11,report_open
acme-aws-001,2025-01-14,report_open
acme-aws-001,2025-01-15,meeting_accept
acme-aws-001,2025-01-16,email_response
acme-aws-001,2025-01-18,content_download
acme-aws-001,2025-01-19,meeting_accept
acme-aws-001,2025-01-21,content_download
acme-aws-001,2025-01-22,report_open
airbyte-001,2024-11-02,email_open_only
airbyte-001,2024-12-18,proposal_download
airbyte-001,2024-12-23,email_open_only
airbyte-001,2024-12-30,report_open
airbyte-001,2025-01-06,email_response
airflow-001,2024-10-29,report_open
airflow-001,2024-10-31,report_open
airflow-001,2024-11-06,email_open_only
airflow-001,2024-11-11,email_open_only
airflow-001,2024-11-12,report_open
airflow-001,2024-11-14,email_response
airflow-001,2024-11-16,report_open
airflow-001,2024-11-24,email_open_only
airflow-001,2024-11-30,email_response
airflow-001,2024-12-04,content_download
airflow-001,2024-12-06,meeting_accept
airflow-001,2024-12-08,email_open_only
airflow-001,2024-12-14,email_open_only
airflow-001,2024-12-15,link_click
airflow-001,2024-12-17,meeting_accept
airflow-001,2024-12-21,meeting_accept
airflow-001,2024-12-22,contract_signed
airflow-001,2024-12-23,meeting_accept
airflow-001,2024-12-29,report_open
airflow-001,2025-01-03,contract_signed
airflow-001,2025-01-13,report_open
airflow-001,2025-01-14,meeting_accept
airflow-001,2025-01-15,content_download
airflow-001,2025-01-18,content_download
alteryx-001,2024-10-27,report_open
alteryx-001,2024-10-28,link_click
alteryx-001,2024-10-29,email_response
alteryx-001,2024-10-31,email_open_only
alteryx-001,2024-11-03,content_download
alteryx-001,2024-11-06,proposal_download
alteryx-001,2024-11-07,meeting_accept
alteryx-001,2024-11-16,content_download
alteryx-001,2024-11-19,report_open
alteryx-001,2024-11-20,report_open
alteryx-001,2024-11-23,report_open
alteryx-001,2024-11-25,report_open
alteryx-001,2024-12-08,report_open
alteryx-001,2024-12-12,proposal_download
alteryx-001,2024-12-18,contract_signed
alteryx-001,2024-12-30,meeting_accept
alteryx-001,2025-01-19,report_open
alteryx-001,2025-01-21,proposal_download
amqp-001,2024-10-26,report_open
amqp-001,2024-10-29,report_open
amqp-001,2024-11-14,email_open_only
amqp-001,2024-11-23,report_open
amqp-001,2024-12-03,report_open
amqp-001,2024-12-24,link_click
amqp-001,2024-12-28,report_open
amqp-001,2025-01-05,report_open
angular-001,2024-10-29,content_download
angular-001,2024-11-08,report_open
angular-001,2024-11-10,report_open
angular-001,2024-11-11,email_open_only
angular-001,2024-11-13,report_open
angular-001,2024-11-14,proposal_download
angular-001,2024-11-18,report_open
angular-001,2024-11-19,meeting_accept
angular-001,2024-11-24,email_open_only
angular-001,2024-11-29,content_download
angular-001,2024-11-30,email_open_only
angular-001,2024-12-03,report_open
angular-001,2024-12-05,meeting_accept
angular-001,2024-12-17,link_click
angular-001,2024-12-21,report_open
angular-001,2025-01-02,report_open
angular-001,2025-01-03,link_click
angular-001,2025-01-04,content_download
angular-001,2025-01-06,proposal_download
angular-001,2025-01-16,report_open
angular-001,2025-01-18,email_response
angular-001,2025-01-20,link_click
angular-001,2025-01-21,proposal_download
ansible-001,2024-11-02,link_click
ansible-001,2024-11-04,email_response
ansible-001,2024-11-06,report_open
ansible-001,2024-11-11,report_open
ansible-001,2024-11-13,report_open
ansible-001,2024-11-26,link_click
ansible-001,2024-11-29,content_download
ansible-001,2024-11-30,report_open
ansible-001,2024-12-06,contract_signed
ansible-001,2024-12-13,report_open
ansible-001,2024-12-15,email_response
ansible-001,2024-12-16,email_open_only
ansible-001,2024-12-18,proposal_download
ansible-001,2024-12-22,email_open_only
ansible-001,2024-12-27,proposal_download
ansible-001,2025-01-07,content_download
ansible-001,2025-01-14,email_open_only
ansible-001,2025-01-15,link_click
ansible-001,2025-01-17,link_click
ansible-001,2025-01-20,contract_signed
ansible-001,2025-01-23,report_open
anthropic-001,2024-11-01,meeting_accept
anthropic-001,2024-11-02,proposal_download
anthropic-001,2024-11-14,meeting_accept
anthropic-001,2024-11-15,proposal_download
anthropic-001,2024-11-19,proposal_download
anthropic-001,2024-11-22,email_response
anthropic-001,2024-12-01,meeting_accept
anthropic-001,2024-12-02,content_download
anthropic-001,2024-12-05,meeting_accept
anthropic-001,2024-12-19,report_open
anthropic-001,2024-12-23,email_open_only
anthropic-001,2024-12-26,contract_signed
anthropic-001,2024-12-27,contract_signed
anthropic-001,2024-12-29,email_open_only
anthropic-001,2024-12-30,contract_signed
anthropic-001,2025-01-01,email_response
anthropic-001,2025-01-03,content_download
anthropic-001,2025-01-05,meeting_accept
anthropic-001,2025-01-08,email_response
anthropic-001,2025-01-10,report_open
anthropic-001,2025-01-12,report_open
anthropic-001,2025-01-13,report_open
anthropic-001,2025-01-18,report_open
anyscale-001,2024-11-09,link_click
anyscale-001,2024-11-29,report_open
anyscale-001,2024-12-26,report_open
anyscale-001,2024-12-31,email_open_only
anyscale-001,2025-01-10,report_open
anyscale-001,2025-01-18,report_open
argo-001,2024-11-02,report_open
argo-001,2024-11-07,content_download
argo-001,2024-11-15,report_open
argo-001,2024-11-24,email_response
argo-001,2024-11-25,email_response
argo-001,2024-11-26,email_response
argo-001,2024-11-29,email_open_only
argo-001,2025-01-02,email_response
argo-001,2025-01-08,report_open
argo-001,2025-01-18,report_open
asana-001,2024-10-27,meeting_accept
asana-001,2024-11-06,report_open
asana-001,2024-11-10,report_open
asana-001,2024-11-28,email_open_only
asana-001,2024-12-11,report_open
asana-001,2024-12-12,report_open
asana-001,2024-12-13,contract_signed
asana-001,2024-12-15,report_open
asana-001,2024-12-23,report_open
asana-001,2025-01-02,link_click
asana-001,2025-01-05,email_response
asana-001,2025-01-08,report_open
asana-001,2025-01-15,email_open_only
asana-001,2025-01-20,content_download
astro-001,2024-10-29,report_open
astro-001,2024-12-21,link_click
astro-001,2024-12-26,report_open
astro-001,2024-12-29,report_open
atlan-001,2024-10-30,email_open_only
atlan-001,2024-11-02,report_open
atlan-001,2024-12-05,meeting_accept
atlan-001,2024-12-13,report_open
aws-lambda-001,2024-10-27,meeting_accept
aws-lambda-001,2024-10-30,report_open
aws-lambda-001,2024-11-01,report_open
aws-lambda-001,2024-11-06,report_open
aws-lambda-001,2024-11-10,proposal_download
aws-lambda-001,2024-11-15,contract_signed
aws-lambda-001,2024-11-21,meeting_accept
aws-lambda-001,2024-11-25,report_open
aws-lambda-001,2024-11-27,report_open
aws-lambda-001,2024-12-03,email_response
aws-lambda-001,2024-12-04,contract_signed
aws-lambda-001,2024-12-11,email_open_only
aws-lambda-001,2024-12-14,email_open_only
aws-lambda-001,2024-12-15,report_open
aws-lambda-001,2024-12-21,contract_signed
aws-lambda-001,2025-01-02,meeting_accept
aws-lambda-001,2025-01-04,report_open
aws-lambda-001,2025-01-05,contract_signed
aws-lambda-001,2025-01-11,content_download
aws-lambda-001,2025-01-16,link_click
aws-lambda-001,2025-01-18,email_open_only
aws-lambda-001,2025-01-19,report_open
aws-lambda-001,2025-01-20,report_open
aws-lambda-001,2025-01-22,link_click
azure-functions-001,2024-10-29,email_open_only
azure-functions-001,2024-11-10,report_open
azure-functions-001,2024-11-11,report_open
azure-functions-001,2024-11-13,proposal_download
azure-functions-001,2024-11-18,content_download
azure-functions-001,2024-11-19,report_open
azure-functions-001,2024-11-21,report_open
azure-functions-001,2024-11-22,proposal_download
azure-functions-001,2024-11-23,email_open_only
azure-functions-001,2024-11-29,email_open_only
azure-functions-001,2024-12-01,link_click
azure-functions-001,2024-12-13,meeting_accept
azure-functions-001,2024-12-17,email_response
azure-functions-001,2024-12-18,contract_signed
azure-functions-001,2024-12-20,proposal_download
azure-functions-001,2024-12-23,content_download
azure-functions-001,2024-12-28,email_response
azure-functions-001,2025-01-14,link_click
azure-functions-001,2025-01-16,link_click
azure-functions-001,2025-01-17,email_open_only
azure-functions-001,2025-01-20,email_response
azure-functions-001,2025-01-21,email_open_only
azure-functions-001,2025-01-23,contract_signed
azure-iot-001,2024-10-29,proposal_download
azure-iot-001,2024-11-01,proposal_download
azure-iot-001,2024-11-03,email_response
azure-iot-001,2024-11-07,content_download
azure-iot-001,2024-11-08,report_open
azure-iot-001,2024-11-10,report_open
azure-iot-001,2024-11-12,email_open_only
azure-iot-001,2024-11-13,email_open_only
azure-iot-001,2024-11-24,link_click
azure-iot-001,2024-11-27,report_open
azure-iot-001,2024-11-30,proposal_download
azure-iot-001,2024-12-10,email_response
azure-iot-001,2024-12-16,report_open
azure-iot-001,2024-12-23,report_open
azure-iot-001,2024-12-25,content_download
azure-iot-001,2024-12-27,email_open_only
azure-iot-001,2024-12-28,report_open
azure-iot-001,2024-12-30,report_open
azure-iot-001,2025-01-11,report_open
azure-iot-001,2025-01-14,report_open
azure-iot-001,2025-01-19,report_open
bigeye-001,2024-11-10,report_open
bigeye-001,2024-11-30,content_download
bigeye-001,2024-12-11,link_click
bigeye-001,2024-12-24,report_open
bigeye-001,2024-12-28,link_click
bigeye-001,2024-12-31,report_open
bigeye-001,2025-01-21,meeting_accept
bigquery-001,2024-10-28,email_response
bigquery-001,2024-10-30,report_open
bigquery-001,2024-11-01,report_open
bigquery-001,2024-11-09,report_open
bigquery-001,2024-11-13,content_download
bigquery-001,2024-11-16,contract_signed
bigquery-001,2024-11-19,contract_signed
bigquery-001,2024-11-24,email_response
bigquery-001,2024-11-26,report_open
bigquery-001,2024-11-28,contract_signed
bigquery-001,2024-12-05,email_open_only
bigquery-001,2024-12-13,report_open
bigquery-001,2024-12-18,report_open
bigquery-001,2024-12-21,content_download
bigquery-001,2024-12-26,proposal_download
bigquery-001,2025-01-01,report_open
bigquery-001,2025-01-07,report_open
bigquery-001,2025-01-08,report_open
bigquery-001,2025-01-13,report_open
bigquery-001,2025-01-17,report_open
bigquery-001,2025-01-20,email_open_only
bigquery-001,2025-01-21,report_open
bitbucket-001,2024-11-04,proposal_download
bitbucket-001,2024-11-05,meeting_accept
bitbucket-001,2024-11-13,email_open_only
bitbucket-001,2024-11-15,link_click
bitbucket-001,2024-11-21,report_open
bitbucket-001,2024-11-27,proposal_download
bitbucket-001,2024-11-29,report_open
bitbucket-001,2024-12-13,proposal_download
bitbucket-001,2024-12-16,link_click
bitbucket-001,2024-12-19,email_response
bitbucket-001,2024-12-23,contract_signed
bitbucket-001,2025-01-02,contract_signed
bitbucket-001,2025-01-14,report_open
bitbucket-001,2025-01-15,content_download
bitbucket-001,2025-01-16,content_download
bitbucket-001,2025-01-17,report_open
bitbucket-001,2025-01-20,email_response
bitbucket-001,2025-01-22,contract_signed
bitbucket-001,2025-01-23,meeting_accept
c-001,2024-11-29,meeting_accept
c-001,2024-12-11,proposal_download
c-001,2024-12-15,content_download
c-001,2024-12-21,proposal_download
c-001,2025-01-11,report_open
c-001,2025-01-16,report_open
c-sharp-001,2024-10-26,report_open
c-sharp-001,2024-10-31,link_click
c-sharp-001,2024-11-05,meeting_accept
c-sharp-001,2024-11-08,proposal_download
c-sharp-001,2024-11-10,link_click
c-sharp-001,2024-11-14,contract_signed
c-sharp-001,2024-11-20,report_open
c-sharp-001,2024-11-21,report_open
c-sharp-001,2024-11-24,report_open
c-sharp-001,2024-11-25,meeting_accept
c-sharp-001,2024-11-26,email_response
c-sharp-001,2024-11-28,contract_signed
c-sharp-001,2024-12-05,report_open
c-sharp-001,2024-12-10,contract_signed
c-sharp-001,2024-12-12,proposal_download
c-sharp-001,2024-12-26,report_open
c-sharp-001,2024-12-28,report_open
c-sharp-001,2025-01-03,contract_signed
c-sharp-001,2025-01-09,link_click
c-sharp-001,2025-01-13,proposal_download
c-sharp-001,2025-01-22,email_response
c-sharp-001,2025-01-23,report_open
cadence-001,2024-11-04,report_open
cadence-001,2024-11-22,report_open
cadence-001,2024-12-12,report_open
cadence-001,2024-12-16,report_open
cadence-001,2024-12-22,report_open
cadence-001,2025-01-01,report_open
cadence-001,2025-01-20,report_open
cassandra-001,2024-11-06,link_click
cassandra-001,2024-11-11,contract_signed
cassandra-001,2024-11-14,report_open
cassandra-001,2024-11-16,report_open
cassandra-001,2024-12-03,email_response
cassandra-001,2024-12-29,report_open
cassandra-001,2025-01-02,report_open
cassandra-001,2025-01-08,link_click
cassandra-001,2025-01-09,contract_signed
cassandra-001,2025-01-12,email_response
cassandra-001,2025-01-14,report_open
cassandra-001,2025-01-16,meeting_accept
chef-001,2024-11-01,email_open_only
chef-001,2024-11-04,report_open
chef-001,2024-11-09,report_open
chef-001,2024-11-25,report_open
chef-001,2024-12-02,content_download
chef-001,2024-12-14,email_open_only
chef-001,2024-12-15,report_open
chef-001,2024-12-28,content_download
chef-001,2025-01-10,report_open
chef-001,2025-01-15,report_open
chef-001,2025-01-16,link_click
circleci-001,2024-10-29,content_download
circleci-001,2024-11-07,report_open
circleci-001,2024-11-08,content_download
circleci-001,2024-11-10,link_click
circleci-001,2024-11-12,link_click
circleci-001,2024-11-17,meeting_accept
circleci-001,2024-11-26,content_download
circleci-001,2024-12-16,contract_signed
circleci-001,2024-12-22,email_response
circleci-001,2024-12-24,email_response
circleci-001,2025-01-04,report_open
circleci-001,2025-01-05,email_open_only
clojure-001,2024-11-21,report_open
clojure-001,2024-12-13,report_open
clojure-001,2025-01-17,report_open
clojure-001,2025-01-22,email_response
codeium-001,2024-11-01,content_download
codeium-001,2024-11-12,link_click
codeium-001,2024-11-21,content_download
codeium-001,2024-11-26,report_open
codeium-001,2024-11-29,content_download
codeium-001,2025-01-16,email_open_only
colab-001,2024-10-26,report_open
colab-001,2024-10-27,contract_signed
colab-001,2024-10-30,link_click
colab-001,2024-11-10,report_open
colab-001,2024-11-15,contract_signed
colab-001,2024-11-17,proposal_download
colab-001,2024-11-18,proposal_download
colab-001,2024-12-03,proposal_download
colab-001,2024-12-08,contract_signed
colab-001,2024-12-09,report_open
colab-001,2024-12-22,email_open_only
colab-001,2024-12-26,report_open
colab-001,2025-01-03,link_click
colab-001,2025-01-06,contract_signed
colab-001,2025-01-10,email_response
colab-001,2025-01-11,meeting_accept
colab-001,2025-01-12,report_open
colab-001,2025-01-14,report_open
colab-001,2025-01-15,contract_signed
colab-001,2025-01-18,contract_signed
collibra-001,2024-10-27,link_click
collibra-001,2024-10-29,proposal_download
collibra-001,2024-11-07,report_open
collibra-001,2024-11-08,content_download
collibra-001,2024-11-19,proposal_download
collibra-001,2024-11-24,email_open_only
collibra-001,2024-12-07,report_open
collibra-001,2024-12-08,meeting_accept
collibra-001,2024-12-14,email_response
collibra-001,2024-12-16,contract_signed
collibra-001,2024-12-17,report_open
collibra-001,2024-12-19,meeting_accept
collibra-001,2024-12-23,meeting_accept
collibra-001,2024-12-24,report_open
collibra-001,2024-12-31,proposal_download
collibra-001,2025-01-09,report_open
collibra-001,2025-01-10,proposal_download
collibra-001,2025-01-13,contract_signed
collibra-001,2025-01-17,report_open
collibra-001,2025-01-18,content_download
collibra-001,2025-01-20,content_download
consul-001,2024-11-07,email_open_only
consul-001,2024-11-21,meeting_accept
consul-001,2024-12-04,contract_signed
consul-001,2024-12-08,report_open
consul-001,2024-12-09,email_open_only
consul-001,2024-12-21,content_download
consul-001,2024-12-23,contract_signed
consul-001,2024-12-25,contract_signed
consul-001,2024-12-26,content_download
consul-001,2024-12-31,report_open
copilot-x-001,2024-11-08,meeting_accept
copilot-x-001,2024-11-13,link_click
copilot-x-001,2024-11-14,contract_signed
copilot-x-001,2024-11-21,email_response
copilot-x-001,2024-11-23,email_response
copilot-x-001,2024-11-24,content_download
copilot-x-001,2024-11-27,email_open_only
copilot-x-001,2024-11-29,contract_signed
copilot-x-001,2024-12-06,email_open_only
copilot-x-001,2024-12-12,report_open
copilot-x-001,2024-12-13,email_open_only
copilot-x-001,2024-12-15,email_response
copilot-x-001,2024-12-20,report_open
copilot-x-001,2024-12-21,contract_signed
copilot-x-001,2024-12-22,email_open_only
copilot-x-001,2024-12-26,email_response
copilot-x-001,2025-01-04,meeting_accept
copilot-x-001,2025-01-08,contract_signed
copilot-x-001,2025-01-11,email_response
copilot-x-001,2025-01-14,contract_signed
copilot-x-001,2025-01-15,contract_signed
copilot-x-001,2025-01-17,meeting_accept
copilot-x-001,2025-01-18,link_click
copilot-x-001,2025-01-22,content_download
corba-001,2024-11-03,content_download
corba-001,2024-11-19,content_download
corba-001,2024-12-02,report_open
corba-001,2024-12-12,link_click
corba-001,2024-12-22,report_open
corba-001,2025-01-02,email_open_only
corba-001,2025-01-13,report_open
corba-001,2025-01-20,email_response
corba-001,2025-01-22,email_open_only
cpp-001,2024-10-28,content_download
cpp-001,2024-11-07,content_download
cpp-001,2024-11-27,report_open
cpp-001,2024-11-28,report_open
cpp-001,2024-12-07,report_open
cpp-001,2024-12-09,email_open_only
cpp-001,2024-12-11,link_click
cpp-001,2024-12-22,report_open
cpp-001,2025-01-05,report_open
cursor-001,2024-11-14,report_open
cursor-001,2024-11-17,email_response
cursor-001,2024-11-18,report_open
cursor-001,2024-12-07,report_open
cursor-001,2024-12-19,link_click
cursor-001,2025-01-01,email_response
cursor-001,2025-01-10,report_open
cursor-001,2025-01-20,report_open
dagster-001,2024-10-31,report_open
dagster-001,2024-11-13,proposal_download
dagster-001,2024-11-16,report_open
dagster-001,2024-11-26,content_download
dagster-001,2024-12-12,report_open
dagster-001,2024-12-19,contract_signed
dagster-001,2024-12-22,report_open
dagster-001,2025-01-02,email_open_only
dagster-001,2025-01-03,proposal_download
dagster-001,2025-01-05,report_open
dask-001,2024-10-27,email_open_only
dask-001,2024-10-31,report_open
dask-001,2024-11-22,report_open
dask-001,2024-12-01,report_open
dask-001,2024-12-23,email_open_only
dask-001,2025-01-09,report_open
databricks-001,2024-10-27,meeting_accept
databricks-001,2024-10-31,report_open
databricks-001,2024-11-01,report_open
databricks-001,2024-11-07,email_response
databricks-001,2024-11-08,report_open
databricks-001,2024-11-11,report_open
databricks-001,2024-11-17,email_open_only
databricks-001,2024-11-18,contract_signed
databricks-001,2024-11-19,email_response
databricks-001,2024-11-24,contract_signed
databricks-001,2024-11-30,proposal_download
databricks-001,2024-12-01,email_open_only
databricks-001,2024-12-02,report_open
databricks-001,2024-12-03,email_response
databricks-001,2024-12-08,email_response
databricks-001,2024-12-11,content_download
databricks-001,2024-12-21,report_open
databricks-001,2024-12-25,email_open_only
databricks-001,2024-12-26,contract_signed
databricks-001,2024-12-27,report_open
databricks-001,2024-12-31,content_download
databricks-001,2025-01-02,meeting_accept
databricks-001,2025-01-04,report_open
databricks-001,2025-01-10,proposal_download
databricks-001,2025-01-12,email_response
databricks-001,2025-01-14,content_download
databricks-001,2025-01-19,report_open
databricks-001,2025-01-22,meeting_accept
databricks-notebooks-001,2024-10-27,report_open
databricks-notebooks-001,2024-10-29,report_open
databricks-notebooks-001,2024-11-04,proposal_download
databricks-notebooks-001,2024-11-09,proposal_download
databricks-notebooks-001,2024-11-10,report_open
databricks-notebooks-001,2024-11-13,report_open
databricks-notebooks-001,2024-11-18,report_open
databricks-notebooks-001,2024-11-22,meeting_accept
databricks-notebooks-001,2024-11-26,report_open
databricks-notebooks-001,2024-12-05,email_open_only
databricks-notebooks-001,2024-12-06,report_open
databricks-notebooks-001,2024-12-07,proposal_download
databricks-notebooks-001,2024-12-10,proposal_download
databricks-notebooks-001,2024-12-12,email_open_only
databricks-notebooks-001,2024-12-15,report_open
databricks-notebooks-001,2024-12-19,report_open
databricks-notebooks-001,2024-12-24,report_open
databricks-notebooks-001,2025-01-06,email_open_only
databricks-notebooks-001,2025-01-18,report_open
databricks-notebooks-001,2025-01-22,email_open_only
datadog-001,2024-10-31,report_open
datadog-001,2024-11-06,email_open_only
datadog-001,2024-11-09,report_open
datadog-001,2024-11-18,email_open_only
datadog-001,2024-11-28,report_open
datadog-001,2024-12-04,content_download
datadog-001,2024-12-12,content_download
datadog-001,2024-12-13,content_download
datadog-001,2024-12-14,report_open
datadog-001,2024-12-15,report_open
datadog-001,2024-12-22,proposal_download
datadog-001,2024-12-25,proposal_download
datadog-001,2024-12-27,report_open
datadog-001,2025-01-03,link_click
datadog-001,2025-01-16,report_open
datadog-001,2025-01-18,report_open
dbt-001,2024-11-02,content_download
dbt-001,2024-11-10,content_download
dbt-001,2024-11-15,proposal_download
dbt-001,2024-12-04,content_download
dbt-001,2024-12-16,report_open
dbt-001,2024-12-24,report_open
dbt-001,2024-12-29,content_download
dbt-001,2025-01-15,email_open_only
dbt-001,2025-01-19,report_open
dbt-001,2025-01-21,report_open
dbt-001,2025-01-22,report_open
dbt-cloud-001,2024-10-28,report_open
dbt-cloud-001,2024-11-21,content_download
dbt-cloud-001,2024-11-26,report_open
dbt-cloud-001,2024-11-29,meeting_accept
dbt-cloud-001,2024-12-06,email_response
dbt-cloud-001,2024-12-07,email_response
dbt-cloud-001,2024-12-08,report_open
dbt-cloud-001,2024-12-22,meeting_accept
dbt-cloud-001,2024-12-23,contract_signed
dbt-cloud-001,2025-01-10,proposal_download
dbt-cloud-001,2025-01-18,report_open
dbt-cloud-001,2025-01-22,report_open
dcom-001,2024-12-21,report_open
dcom-001,2024-12-23,link_click
dcom-001,2025-01-01,report_open
dcom-001,2025-01-04,email_response
dcom-001,2025-01-09,link_click
dcom-001,2025-01-19,report_open
dcom-001,2025-01-23,link_click
denodo-001,2024-10-30,meeting_accept
denodo-001,2024-11-03,email_response
denodo-001,2024-11-12,content_download
denodo-001,2024-11-14,email_open_only
denodo-001,2024-11-19,proposal_download
denodo-001,2024-11-21,report_open
denodo-001,2024-12-07,email_response
denodo-001,2024-12-13,email_response
denodo-001,2024-12-14,report_open
denodo-001,2024-12-15,report_open
denodo-001,2025-01-02,email_response
denodo-001,2025-01-06,link_click
denodo-001,2025-01-07,email_response
denodo-001,2025-01-11,proposal_download
denodo-001,2025-01-14,report_open
django-001,2024-10-26,report_open
django-001,2024-10-29,report_open
django-001,2024-11-01,proposal_download
django-001,2024-11-09,report_open
django-001,2024-11-25,report_open
django-001,2024-12-01,proposal_download
django-001,2024-12-10,contract_signed
django-001,2024-12-12,proposal_download
django-001,2024-12-15,email_open_only
django-001,2024-12-20,email_response
django-001,2025-01-04,email_response
django-001,2025-01-05,email_open_only
django-001,2025-01-09,contract_signed
django-001,2025-01-14,proposal_download
django-001,2025-01-23,report_open
docker-001,2024-10-26,email_open_only
docker-001,2024-10-27,contract_signed
docker-001,2024-10-30,email_open_only
docker-001,2024-11-01,email_open_only
docker-001,2024-11-02,meeting_accept
docker-001,2024-11-03,content_download
docker-001,2024-11-04,report_open
docker-001,2024-11-12,report_open
docker-001,2024-11-14,email_response
docker-001,2024-11-16,content_download
docker-001,2024-11-18,content_download
docker-001,2024-11-22,email_open_only
docker-001,2024-11-24,report_open
docker-001,2024-12-17,email_open_only
docker-001,2024-12-27,contract_signed
docker-001,2025-01-01,contract_signed
docker-001,2025-01-03,contract_signed
docker-001,2025-01-14,report_open
docker-001,2025-01-16,report_open
docker-001,2025-01-19,email_response
dynatrace-001,2024-10-27,report_open
dynatrace-001,2024-10-29,contract_signed
dynatrace-001,2024-10-31,link_click
dynatrace-001,2024-11-03,proposal_download
dynatrace-001,2024-11-07,meeting_accept
dynatrace-001,2024-11-09,meeting_accept
dynatrace-001,2024-11-11,email_response
dynatrace-001,2024-11-23,link_click
dynatrace-001,2024-11-26,proposal_download
dynatrace-001,2024-11-28,email_response
dynatrace-001,2024-12-05,report_open
dynatrace-001,2024-12-08,report_open
dynatrace-001,2024-12-17,email_open_only
dynatrace-001,2024-12-20,link_click
dynatrace-001,2024-12-21,email_open_only
dynatrace-001,2024-12-26,report_open
dynatrace-001,2024-12-27,link_click
dynatrace-001,2024-12-31,email_response
dynatrace-001,2025-01-01,meeting_accept
dynatrace-001,2025-01-05,report_open
dynatrace-001,2025-01-06,link_click
dynatrace-001,2025-01-07,content_download
dynatrace-001,2025-01-20,report_open
dynatrace-001,2025-01-21,contract_signed
elastic-001,2024-10-28,email_response
elastic-001,2024-11-05,report_open
elastic-001,2024-11-06,report_open
elastic-001,2024-11-11,meeting_accept
elastic-001,2024-11-18,contract_signed
elastic-001,2024-11-22,report_open
elastic-001,2024-12-04,report_open
elastic-001,2024-12-07,proposal_download
elastic-001,2024-12-08,email_response
elastic-001,2024-12-11,report_open
elastic-001,2024-12-13,report_open
elastic-001,2024-12-19,report_open
elastic-001,2024-12-27,link_click
elastic-001,2024-12-30,contract_signed
elastic-001,2025-01-01,report_open
elastic-001,2025-01-05,email_response
elastic-001,2025-01-10,meeting_accept
elastic-001,2025-01-16,report_open
elastic-001,2025-01-19,report_open
elastic-001,2025-01-21,contract_signed
elastic-001,2025-01-23,proposal_download
elastic-stack-001,2024-10-29,email_response
elastic-stack-001,2024-10-30,report_open
elastic-stack-001,2024-11-02,proposal_download
elastic-stack-001,2024-11-12,link_click
elastic-stack-001,2024-11-14,report_open
elastic-stack-001,2024-11-19,email_response
elastic-stack-001,2024-11-23,email_response
elastic-stack-001,2024-11-25,email_response
elastic-stack-001,2024-11-28,proposal_download
elastic-stack-001,2024-12-02,contract_signed
elastic-stack-001,2024-12-03,meeting_accept
elastic-stack-001,2024-12-05,email_response
elastic-stack-001,2024-12-08,link_click
elastic-stack-001,2024-12-10,email_response
elastic-stack-001,2024-12-14,meeting_accept
elastic-stack-001,2024-12-16,contract_signed
elastic-stack-001,2024-12-18,email_open_only
elastic-stack-001,2024-12-25,meeting_accept
elastic-stack-001,2024-12-28,report_open
elastic-stack-001,2024-12-29,contract_signed
elastic-stack-001,2024-12-31,report_open
elastic-stack-001,2025-01-02,contract_signed
elastic-stack-001,2025-01-10,report_open
elastic-stack-001,2025-01-16,email_response
elastic-stack-001,2025-01-22,content_download
elixir-001,2024-11-12,email_open_only
elixir-001,2024-11-17,report_open
elixir-001,2024-11-27,email_open_only
elixir-001,2024-12-04,meeting_accept
elixir-001,2024-12-09,meeting_accept
elixir-001,2024-12-12,report_open
elixir-001,2024-12-15,report_open
elixir-001,2024-12-26,report_open
elixir-001,2025-01-05,report_open
elixir-001,2025-01-07,link_click
emacs-001,2024-11-01,report_open
emacs-001,2024-11-06,report_open
emacs-001,2024-11-16,report_open
emacs-001,2024-11-18,content_download
emacs-001,2024-11-20,report_open
emacs-001,2024-11-28,report_open
emacs-001,2024-12-03,email_open_only
emacs-001,2024-12-08,report_open
emacs-001,2024-12-19,report_open
express-001,2024-11-15,email_response
express-001,2024-11-25,content_download
express-001,2024-11-26,report_open
express-001,2024-12-17,report_open
express-001,2025-01-04,report_open
express-001,2025-01-09,link_click
express-001,2025-01-13,content_download
fastapi-001,2024-11-02,report_open
fastapi-001,2024-11-06,email_response
fastapi-001,2024-11-22,report_open
fastapi-001,2024-12-06,email_response
fastapi-001,2024-12-13,report_open
fastapi-001,2024-12-28,content_download
fastapi-001,2025-01-16,report_open
fastapi-001,2025-01-18,report_open
fastify-001,2024-10-26,report_open
fastify-001,2024-10-30,contract_signed
fastify-001,2024-11-14,report_open
fastify-001,2024-12-14,report_open
fastify-001,2025-01-15,report_open
fastify-001,2025-01-17,report_open
fastify-001,2025-01-19,report_open
figma-001,2024-10-27,link_click
figma-001,2024-10-28,proposal_download
figma-001,2024-11-01,proposal_download
figma-001,2024-11-30,report_open
figma-001,2024-12-02,report_open
figma-001,2024-12-15,report_open
figma-001,2024-12-28,email_response
figma-001,2025-01-06,content_download
figma-001,2025-01-11,report_open
figma-001,2025-01-18,report_open
figma-001,2025-01-21,report_open
figma-001,2025-01-23,report_open
fission-001,2024-10-31,report_open
fission-001,2024-11-08,report_open
fission-001,2024-11-10,report_open
fission-001,2024-11-16,link_click
fission-001,2024-11-21,report_open
fission-001,2024-12-11,report_open
fission-001,2024-12-29,proposal_download
fission-001,2025-01-05,report_open
fission-001,2025-01-12,link_click
fission-001,2025-01-14,report_open
flask-001,2024-11-05,report_open
flask-001,2024-12-26,report_open
flask-001,2025-01-08,report_open
flask-001,2025-01-22,email_open_only
flutter-001,2024-10-27,contract_signed
flutter-001,2024-10-31,report_open
flutter-001,2024-11-06,meeting_accept
flutter-001,2024-11-09,contract_signed
flutter-001,2024-11-10,content_download
flutter-001,2024-11-14,report_open
flutter-001,2024-11-15,contract_signed
flutter-001,2024-11-16,contract_signed
flutter-001,2024-11-22,report_open
flutter-001,2024-11-25,link_click
flutter-001,2024-11-26,report_open
flutter-001,2024-11-30,report_open
flutter-001,2024-12-06,email_response
flutter-001,2024-12-08,meeting_accept
flutter-001,2024-12-12,content_download
flutter-001,2024-12-15,proposal_download
flutter-001,2024-12-20,report_open
flutter-001,2024-12-25,contract_signed
flutter-001,2024-12-28,report_open
flutter-001,2025-01-04,email_response
flutter-001,2025-01-08,report_open
flutter-001,2025-01-11,meeting_accept
flutter-001,2025-01-14,contract_signed
flutter-001,2025-01-15,report_open
flutter-001,2025-01-17,report_open
flux-001,2024-10-28,report_open
flux-001,2024-11-09,report_open
flux-001,2024-11-13,report_open
flux-001,2025-01-09,email_response
gatsby-001,2024-10-26,report_open
gatsby-001,2024-10-31,report_open
gatsby-001,2024-11-09,link_click
gatsby-001,2024-12-04,proposal_download
gatsby-001,2024-12-14,content_download
gatsby-001,2024-12-23,report_open
gatsby-001,2024-12-31,proposal_download
gatsby-001,2025-01-21,report_open
gcp-functions-001,2024-10-26,report_open
gcp-functions-001,2024-11-06,content_download
gcp-functions-001,2024-11-09,report_open
gcp-functions-001,2024-11-10,report_open
gcp-functions-001,2024-11-13,contract_signed
gcp-functions-001,2024-11-16,link_click
gcp-functions-001,2024-11-18,report_open
gcp-functions-001,2024-11-21,report_open
gcp-functions-001,2024-11-22,link_click
gcp-functions-001,2024-11-29,link_click
gcp-functions-001,2024-12-01,report_open
gcp-functions-001,2024-12-09,meeting_accept
gcp-functions-001,2024-12-23,content_download
gcp-functions-001,2024-12-27,proposal_download
gcp-functions-001,2024-12-28,proposal_download
gcp-functions-001,2024-12-30,email_open_only
gcp-functions-001,2025-01-05,report_open
gcp-functions-001,2025-01-06,report_open
gcp-functions-001,2025-01-08,contract_signed
gcp-functions-001,2025-01-18,report_open
gcp-iot-001,2024-10-28,content_download
gcp-iot-001,2024-10-30,link_click
gcp-iot-001,2024-11-03,report_open
gcp-iot-001,2024-11-05,link_click
gcp-iot-001,2024-11-09,meeting_accept
gcp-iot-001,2024-11-16,report_open
gcp-iot-001,2024-11-29,report_open
gcp-iot-001,2024-12-04,report_open
gcp-iot-001,2024-12-05,report_open
gcp-iot-001,2024-12-06,proposal_download
gcp-iot-001,2024-12-08,report_open
gcp-iot-001,2024-12-13,link_click
gcp-iot-001,2024-12-14,contract_signed
gcp-iot-001,2024-12-18,report_open
gcp-iot-001,2024-12-19,report_open
gcp-iot-001,2024-12-23,report_open
gcp-iot-001,2024-12-25,meeting_accept
gcp-iot-001,2024-12-30,report_open
gcp-iot-001,2025-01-02,email_response
gcp-iot-001,2025-01-05,report_open
gcp-iot-001,2025-01-06,proposal_download
gcp-iot-001,2025-01-09,content_download
gcp-iot-001,2025-01-13,meeting_accept
gcp-iot-001,2025-01-15,report_open
gcp-iot-001,2025-01-23,report_open
gitea-001,2024-10-31,link_click
gitea-001,2024-11-04,meeting_accept
gitea-001,2024-11-16,report_open
gitea-001,2024-11-17,report_open
gitea-001,2024-11-23,report_open
gitea-001,2024-12-22,report_open
gitea-001,2025-01-01,link_click
gitea-001,2025-01-11,link_click
gitea-001,2025-01-20,email_response
github-001,2024-11-04,report_open
github-001,2024-11-05,content_download
github-001,2024-11-12,report_open
github-001,2024-11-14,report_open
github-001,2024-11-15,link_click
github-001,2024-11-25,report_open
github-001,2024-11-26,content_download
github-001,2024-11-28,report_open
github-001,2024-11-29,report_open
github-001,2024-11-30,link_click
github-001,2024-12-01,email_open_only
github-001,2024-12-05,proposal_download
github-001,2024-12-07,meeting_accept
github-001,2024-12-19,report_open
github-001,2024-12-21,proposal_download
github-001,2024-12-22,report_open
github-001,2024-12-25,report_open
github-001,2024-12-27,email_open_only
github-001,2024-12-29,proposal_download
github-001,2024-12-31,report_open
github-001,2025-01-04,report_open
github-001,2025-01-10,email_response
github-001,2025-01-12,contract_signed
github-001,2025-01-13,proposal_download
github-001,2025-01-19,report_open
github-actions-001,2024-10-26,report_open
github-actions-001,2024-10-27,report_open
github-actions-001,2024-10-31,email_open_only
github-actions-001,2024-11-08,contract_signed
github-actions-001,2024-11-09,meeting_accept
github-actions-001,2024-11-15,meeting_accept
github-actions-001,2024-11-16,report_open
github-actions-001,2024-11-24,report_open
github-actions-001,2024-11-27,contract_signed
github-actions-001,2024-12-12,proposal_download
github-actions-001,2024-12-28,proposal_download
github-actions-001,2024-12-30,report_open
github-actions-001,2025-01-06,email_response
github-actions-001,2025-01-07,link_click
github-actions-001,2025-01-20,email_response
github-copilot-001,2024-10-28,proposal_download
github-copilot-001,2024-10-30,report_open
github-copilot-001,2024-11-08,proposal_download
github-copilot-001,2024-11-10,report_open
github-copilot-001,2024-11-11,report_open
github-copilot-001,2024-11-13,proposal_download
github-copilot-001,2024-11-14,proposal_download
github-copilot-001,2024-11-18,contract_signed
github-copilot-001,2024-11-19,proposal_download
github-copilot-001,2024-11-20,email_response
github-copilot-001,2024-11-24,report_open
github-copilot-001,2024-11-30,content_download
github-copilot-001,2024-12-16,content_download
github-copilot-001,2024-12-19,contract_signed
github-copilot-001,2024-12-25,report_open
github-copilot-001,2024-12-29,proposal_download
github-copilot-001,2025-01-09,report_open
github-copilot-001,2025-01-12,email_response
github-copilot-001,2025-01-14,email_open_only
github-copilot-001,2025-01-15,contract_signed
github-copilot-001,2025-01-23,report_open
gitlab-001,2024-10-26,report_open
gitlab-001,2024-11-02,content_download
gitlab-001,2024-11-06,report_open
gitlab-001,2024-11-08,proposal_download
gitlab-001,2024-11-13,report_open
gitlab-001,2024-11-21,report_open
gitlab-001,2024-11-25,email_response
gitlab-001,2024-11-30,content_download
gitlab-001,2024-12-04,report_open
gitlab-001,2024-12-07,meeting_accept
gitlab-001,2024-12-13,content_download
gitlab-001,2024-12-18,report_open
gitlab-001,2024-12-27,link_click
gitlab-001,2025-01-01,email_response
gitlab-001,2025-01-18,email_response
gitlab-runner-001,2024-10-26,content_download
gitlab-runner-001,2024-10-27,proposal_download
gitlab-runner-001,2024-11-05,meeting_accept
gitlab-runner-001,2024-11-07,link_click
gitlab-runner-001,2024-11-08,proposal_download
gitlab-runner-001,2024-11-10,meeting_accept
gitlab-runner-001,2024-11-14,email_open_only
gitlab-runner-001,2024-11-18,meeting_accept
gitlab-runner-001,2024-11-20,report_open
gitlab-runner-001,2024-11-27,report_open
gitlab-runner-001,2024-12-03,proposal_download
gitlab-runner-001,2024-12-09,report_open
gitlab-runner-001,2024-12-10,report_open
gitlab-runner-001,2024-12-16,email_response
gitlab-runner-001,2024-12-17,email_response
gitlab-runner-001,2024-12-20,report_open
gitlab-runner-001,2024-12-27,report_open
gitlab-runner-001,2024-12-30,content_download
gitlab-runner-001,2025-01-01,proposal_download
gitlab-runner-001,2025-01-18,proposal_download
golang-001,2024-10-27,content_download
golang-001,2024-11-06,report_open
golang-001,2024-11-25,content_download
golang-001,2024-12-11,report_open
golang-001,2024-12-15,report_open
golang-001,2024-12-29,link_click
golang-001,2024-12-30,report_open
golang-001,2025-01-18,link_click
google-cloud-002,2024-10-26,report_open
google-cloud-002,2024-10-28,email_response
google-cloud-002,2024-11-02,link_click
google-cloud-002,2024-11-03,email_open_only
google-cloud-002,2024-11-05,email_response
google-cloud-002,2024-11-09,email_response
google-cloud-002,2024-11-11,report_open
google-cloud-002,2024-11-25,email_open_only
google-cloud-002,2024-12-04,report_open
google-cloud-002,2024-12-06,meeting_accept
google-cloud-002,2024-12-11,report_open
google-cloud-002,2024-12-25,meeting_accept
google-cloud-002,2024-12-27,email_open_only
google-cloud-002,2025-01-01,content_download
google-cloud-002,2025-01-02,report_open
google-cloud-002,2025-01-03,content_download
google-cloud-002,2025-01-04,link_click
google-cloud-002,2025-01-06,proposal_download
google-cloud-002,2025-01-09,report_open
google-cloud-002,2025-01-10,content_download
google-cloud-002,2025-01-13,report_open
google-cloud-002,2025-01-18,meeting_accept
grafana-001,2024-11-01,email_open_only
grafana-001,2024-11-07,email_open_only
grafana-001,2024-11-16,content_download
grafana-001,2024-12-09,contract_signed
grafana-001,2024-12-13,proposal_download
grafana-001,2024-12-14,link_click
grafana-001,2024-12-17,report_open
grafana-001,2024-12-18,report_open
grafana-001,2024-12-21,proposal_download
grafana-001,2024-12-26,report_open
grafana-001,2024-12-28,report_open
grafana-001,2025-01-03,report_open
grafana-001,2025-01-07,report_open
grafana-001,2025-01-17,report_open
grafana-001,2025-01-21,meeting_accept
graphql-001,2024-10-27,report_open
graphql-001,2024-11-26,proposal_download
graphql-001,2024-12-06,report_open
graphql-001,2024-12-19,report_open
graphql-001,2024-12-20,email_open_only
graphql-001,2025-01-08,email_response
great-expectations-001,2024-10-30,report_open
great-expectations-001,2024-11-24,report_open
great-expectations-001,2024-11-30,email_open_only
great-expectations-001,2024-12-11,report_open
great-expectations-001,2024-12-28,contract_signed
grpc-001,2024-10-30,report_open
grpc-001,2024-11-11,report_open
grpc-001,2024-11-20,link_click
grpc-001,2024-11-29,email_response
grpc-001,2024-12-07,content_download
grpc-001,2025-01-22,link_click
helidon-001,2024-10-31,content_download
helidon-001,2024-11-21,report_open
helidon-001,2024-11-27,email_open_only
helidon-001,2024-12-01,report_open
helidon-001,2024-12-07,report_open
helidon-001,2024-12-11,content_download
helidon-001,2024-12-20,content_download
helidon-001,2024-12-23,content_download
helidon-001,2025-01-12,report_open
helm-001,2024-11-17,report_open
helm-001,2024-12-05,report_open
helm-001,2024-12-10,report_open
helm-001,2025-01-05,report_open
helm-001,2025-01-12,report_open
helm-001,2025-01-17,report_open
helm-001,2025-01-22,contract_signed
honeycomb-001,2024-10-26,link_click
honeycomb-001,2024-11-12,report_open
honeycomb-001,2024-12-22,report_open
honeycomb-001,2024-12-23,report_open
honeycomb-001,2024-12-28,report_open
honeycomb-001,2024-12-29,report_open
honeycomb-001,2025-01-01,report_open
honeycomb-001,2025-01-09,content_download
honeycomb-001,2025-01-18,report_open
hugging-face-001,2024-11-01,report_open
hugging-face-001,2024-11-05,report_open
hugging-face-001,2024-11-14,email_response
hugging-face-001,2024-11-15,link_click
hugging-face-001,2024-11-29,report_open
hugging-face-001,2024-12-21,report_open
hugging-face-001,2025-01-10,report_open
hugging-face-001,2025-01-13,report_open
hugging-face-001,2025-01-18,report_open
hugging-face-001,2025-01-20,report_open
huggingface-spaces-001,2024-11-17,report_open
huggingface-spaces-001,2024-11-19,report_open
huggingface-spaces-001,2024-11-30,content_download
huggingface-spaces-001,2024-12-02,meeting_accept
huggingface-spaces-001,2024-12-16,email_response
huggingface-spaces-001,2025-01-01,report_open
huggingface-spaces-001,2025-01-10,report_open
hugo-001,2024-11-04,email_response
hugo-001,2024-11-16,report_open
hugo-001,2024-11-26,content_download
hugo-001,2024-12-01,link_click
hugo-001,2024-12-04,report_open
hugo-001,2024-12-08,report_open
hugo-001,2025-01-03,report_open
hugo-001,2025-01-07,email_open_only
hugo-001,2025-01-12,report_open
ibm-functions-001,2024-10-31,email_open_only
ibm-functions-001,2024-11-06,link_click
ibm-functions-001,2024-11-18,email_response
ibm-functions-001,2024-11-23,email_response
ibm-functions-001,2024-12-08,email_open_only
ibm-functions-001,2024-12-12,report_open
ibm-functions-001,2024-12-19,link_click
ibm-functions-001,2024-12-20,report_open
ibm-functions-001,2024-12-24,report_open
ibm-functions-001,2024-12-30,content_download
ibm-functions-001,2025-01-12,proposal_download
ibm-functions-001,2025-01-14,report_open
ibm-functions-001,2025-01-16,contract_signed
ibm-functions-001,2025-01-20,report_open
ibm-iot-001,2024-10-29,report_open
ibm-iot-001,2024-10-30,report_open
ibm-iot-001,2024-11-12,meeting_accept
ibm-iot-001,2024-11-15,contract_signed
ibm-iot-001,2024-11-17,contract_signed
ibm-iot-001,2024-11-20,email_response
ibm-iot-001,2024-11-28,report_open
ibm-iot-001,2024-11-29,report_open
ibm-iot-001,2024-11-30,link_click
ibm-iot-001,2024-12-04,content_download
ibm-iot-001,2024-12-19,contract_signed
ibm-iot-001,2024-12-20,report_open
ibm-iot-001,2024-12-24,meeting_accept
ibm-iot-001,2024-12-27,meeting_accept
ibm-iot-001,2025-01-04,content_download
ibm-iot-001,2025-01-05,content_download
ibm-iot-001,2025-01-16,report_open
ibm-iot-001,2025-01-18,proposal_download
informatica-001,2024-10-26,meeting_accept
informatica-001,2024-10-27,report_open
informatica-001,2024-10-29,report_open
informatica-001,2024-10-31,proposal_download
informatica-001,2024-11-04,proposal_download
informatica-001,2024-11-09,meeting_accept
informatica-001,2024-11-13,content_download
informatica-001,2024-11-17,link_click
informatica-001,2024-11-18,content_download
informatica-001,2024-11-19,email_open_only
informatica-001,2024-11-20,link_click
informatica-001,2024-11-23,report_open
informatica-001,2024-11-28,report_open
informatica-001,2024-12-01,report_open
informatica-001,2024-12-02,report_open
informatica-001,2024-12-10,report_open
informatica-001,2024-12-11,content_download
informatica-001,2024-12-21,report_open
informatica-001,2025-01-05,email_response
informatica-001,2025-01-08,report_open
informatica-001,2025-01-14,report_open
ionic-001,2024-10-31,link_click
ionic-001,2024-11-14,report_open
ionic-001,2024-12-04,email_response
ionic-001,2024-12-05,email_response
ionic-001,2024-12-06,report_open
ionic-001,2025-01-01,report_open
ionic-001,2025-01-03,report_open
ionic-001,2025-01-06,report_open
istio-001,2024-11-03,report_open
istio-001,2024-11-04,content_download
istio-001,2024-11-16,report_open
istio-001,2024-11-27,report_open
istio-001,2024-11-30,report_open
istio-001,2024-12-03,link_click
istio-001,2024-12-11,report_open
istio-001,2024-12-18,report_open
istio-001,2024-12-20,proposal_download
istio-001,2024-12-26,report_open
jaeger-001,2024-11-02,report_open
jaeger-001,2024-11-13,report_open
jaeger-001,2024-11-15,proposal_download
jaeger-001,2024-11-21,report_open
jaeger-001,2024-11-27,report_open
jaeger-001,2024-12-01,report_open
jaeger-001,2024-12-02,report_open
jaeger-001,2025-01-03,report_open
jaeger-001,2025-01-21,report_open
jaeger-001,2025-01-22,link_click
java-001,2024-10-26,report_open
java-001,2024-10-27,contract_signed
java-001,2024-10-29,contract_signed
java-001,2024-10-31,contract_signed
java-001,2024-11-05,meeting_accept
java-001,2024-11-10,link_click
java-001,2024-11-12,contract_signed
java-001,2024-11-13,report_open
java-001,2024-11-15,email_response
java-001,2024-11-21,email_response
java-001,2024-11-23,email_response
java-001,2024-12-02,link_click
java-001,2024-12-03,report_open
java-001,2024-12-04,report_open
java-001,2024-12-09,report_open
java-001,2024-12-12,proposal_download
java-001,2024-12-15,meeting_accept
java-001,2024-12-25,meeting_accept
java-001,2025-01-02,content_download
java-001,2025-01-03,proposal_download
java-001,2025-01-04,proposal_download
java-001,2025-01-05,report_open
java-001,2025-01-14,content_download
java-001,2025-01-17,report_open
java-001,2025-01-20,report_open
jekyll-001,2024-11-13,report_open
jekyll-001,2024-11-23,proposal_download
jekyll-001,2024-11-24,report_open
jekyll-001,2024-11-28,report_open
jekyll-001,2024-12-11,link_click
jekyll-001,2024-12-25,report_open
jekyll-001,2025-01-12,report_open
jenkins-001,2024-11-02,meeting_accept
jenkins-001,2024-11-06,link_click
jenkins-001,2024-11-09,contract_signed
jenkins-001,2024-11-25,report_open
jenkins-001,2024-11-26,report_open
jenkins-001,2024-12-04,content_download
jenkins-001,2024-12-20,proposal_download
jenkins-001,2024-12-23,report_open
jenkins-001,2025-01-23,content_download
jetbrains-ide-001,2024-10-26,link_click
jetbrains-ide-001,2024-10-28,email_open_only
jetbrains-ide-001,2024-11-02,email_open_only
jetbrains-ide-001,2024-11-09,proposal_download
jetbrains-ide-001,2024-11-12,content_download
jetbrains-ide-001,2024-11-13,report_open
jetbrains-ide-001,2024-11-21,email_open_only
jetbrains-ide-001,2024-11-25,email_open_only
jetbrains-ide-001,2024-12-02,meeting_accept
jetbrains-ide-001,2024-12-09,meeting_accept
jetbrains-ide-001,2024-12-11,contract_signed
jetbrains-ide-001,2024-12-18,email_response
jetbrains-ide-001,2024-12-23,proposal_download
jetbrains-ide-001,2024-12-25,report_open
jetbrains-ide-001,2025-01-04,report_open
jetbrains-ide-001,2025-01-05,email_open_only
jms-001,2024-10-31,content_download
jms-001,2024-11-09,email_open_only
jms-001,2024-11-12,report_open
jms-001,2024-12-08,report_open
jms-001,2024-12-21,email_response
jms-001,2024-12-26,link_click
jms-001,2025-01-04,report_open
jms-001,2025-01-06,content_download
jms-001,2025-01-20,link_click
jms-001,2025-01-22,email_response
jupyter-001,2024-10-28,email_open_only
jupyter-001,2024-11-08,link_click
jupyter-001,2025-01-08,email_response
jupyter-001,2025-01-14,report_open
jupyter-001,2025-01-15,email_response
kafka-001,2024-10-26,report_open
kafka-001,2024-11-05,report_open
kafka-001,2024-11-10,report_open
kafka-001,2024-11-11,proposal_download
kafka-001,2024-11-12,report_open
kafka-001,2024-11-17,content_download
kafka-001,2024-11-18,report_open
kafka-001,2024-11-23,meeting_accept
kafka-001,2024-12-09,report_open
kafka-001,2024-12-12,contract_signed
kafka-001,2024-12-13,email_open_only
kafka-001,2024-12-15,report_open
kafka-001,2024-12-18,contract_signed
kafka-001,2024-12-22,meeting_accept
kafka-001,2025-01-01,report_open
kafka-001,2025-01-02,report_open
kafka-001,2025-01-03,link_click
kafka-001,2025-01-16,proposal_download
kafka-001,2025-01-17,report_open
kafka-001,2025-01-18,meeting_accept
kafka-001,2025-01-21,meeting_accept
knative-001,2024-10-28,email_open_only
knative-001,2024-11-09,report_open
knative-001,2024-11-14,link_click
knative-001,2024-11-16,report_open
knative-001,2024-11-20,report_open
knative-001,2024-11-26,link_click
knative-001,2024-12-02,report_open
knative-001,2024-12-21,report_open
knative-001,2024-12-22,report_open
knative-001,2024-12-25,content_download
knative-001,2024-12-27,meeting_accept
knative-001,2025-01-06,report_open
knative-001,2025-01-08,email_open_only
knative-001,2025-01-23,report_open
kotlin-001,2024-11-16,report_open
kotlin-001,2024-11-22,contract_signed
kotlin-001,2024-11-23,content_download
kotlin-001,2024-12-17,report_open
kotlin-001,2024-12-22,contract_signed
kotlin-001,2024-12-25,report_open
kotlin-001,2024-12-26,email_response
kotlin-001,2025-01-10,contract_signed
kotlin-001,2025-01-11,contract_signed
kotlin-multiplatform-001,2024-11-07,report_open
kotlin-multiplatform-001,2024-11-20,link_click
kotlin-multiplatform-001,2024-12-23,content_download
kotlin-multiplatform-001,2024-12-31,link_click
kubeless-001,2024-11-10,report_open
kubeless-001,2024-11-23,report_open
kubeless-001,2024-11-28,report_open
kubeless-001,2024-12-27,link_click
kubeless-001,2025-01-05,report_open
kubernetes-001,2024-11-01,link_click
kubernetes-001,2024-11-04,proposal_download
kubernetes-001,2024-11-05,link_click
kubernetes-001,2024-11-12,email_open_only
kubernetes-001,2024-11-13,contract_signed
kubernetes-001,2024-11-15,email_open_only
kubernetes-001,2024-11-25,meeting_accept
kubernetes-001,2024-12-03,report_open
kubernetes-001,2024-12-07,proposal_download
kubernetes-001,2024-12-09,report_open
kubernetes-001,2024-12-14,link_click
kubernetes-001,2024-12-15,email_open_only
kubernetes-001,2024-12-29,contract_signed
kubernetes-001,2025-01-03,report_open
kubernetes-001,2025-01-06,report_open
kubernetes-001,2025-01-09,meeting_accept
kubernetes-001,2025-01-20,meeting_accept
kubernetes-001,2025-01-22,content_download
lambda-labs-001,2024-11-16,link_click
lambda-labs-001,2024-11-29,report_open
lambda-labs-001,2024-12-13,report_open
lambda-labs-001,2025-01-12,content_download
lambda-labs-001,2025-01-22,report_open
lambda-labs-001,2025-01-23,report_open
laravel-001,2024-11-06,email_response
laravel-001,2024-11-10,report_open
laravel-001,2024-11-11,proposal_download
laravel-001,2024-11-22,report_open
laravel-001,2025-01-10,report_open
laravel-001,2025-01-11,proposal_download
laravel-001,2025-01-15,report_open
laravel-001,2025-01-18,email_response
lightstep-001,2024-11-20,report_open
lightstep-001,2024-11-21,report_open
lightstep-001,2024-11-22,report_open
lightstep-001,2024-12-02,report_open
lightstep-001,2024-12-05,report_open
lightstep-001,2025-01-04,report_open
lightstep-001,2025-01-13,email_open_only
lightstep-001,2025-01-14,report_open
logz-io-001,2024-10-28,report_open
logz-io-001,2024-11-11,link_click
logz-io-001,2024-11-12,content_download
logz-io-001,2024-11-16,proposal_download
logz-io-001,2024-11-19,contract_signed
logz-io-001,2024-11-23,report_open
logz-io-001,2024-11-24,email_response
logz-io-001,2024-12-08,email_response
logz-io-001,2024-12-10,link_click
logz-io-001,2024-12-16,content_download
logz-io-001,2024-12-20,content_download
logz-io-001,2024-12-27,contract_signed
logz-io-001,2025-01-21,email_open_only
looker-001,2024-10-26,meeting_accept
looker-001,2024-11-03,contract_signed
looker-001,2024-11-07,email_response
looker-001,2024-11-12,report_open
looker-001,2024-11-13,meeting_accept
looker-001,2024-11-16,report_open
looker-001,2024-11-17,content_download
looker-001,2024-11-18,contract_signed
looker-001,2024-11-21,meeting_accept
looker-001,2024-11-29,contract_signed
looker-001,2024-12-01,report_open
looker-001,2024-12-04,proposal_download
looker-001,2024-12-12,email_open_only
looker-001,2024-12-15,link_click
looker-001,2024-12-18,link_click
looker-001,2024-12-20,proposal_download
looker-001,2024-12-27,meeting_accept
looker-001,2025-01-01,proposal_download
looker-001,2025-01-17,link_click
looker-001,2025-01-23,content_download
micronaut-001,2024-11-11,report_open
micronaut-001,2024-11-13,report_open
micronaut-001,2024-11-21,meeting_accept
micronaut-001,2024-11-29,report_open
micronaut-001,2024-12-17,email_open_only
micronaut-001,2024-12-22,report_open
micronaut-001,2024-12-25,email_open_only
micronaut-001,2024-12-31,meeting_accept
micronaut-001,2025-01-15,report_open
micronaut-001,2025-01-22,report_open
microstrategy-001,2024-10-27,link_click
microstrategy-001,2024-11-08,content_download
microstrategy-001,2024-11-13,proposal_download
microstrategy-001,2024-11-23,report_open
microstrategy-001,2024-12-01,report_open
microstrategy-001,2024-12-02,content_download
microstrategy-001,2024-12-05,contract_signed
microstrategy-001,2024-12-15,email_open_only
microstrategy-001,2024-12-23,meeting_accept
microstrategy-001,2024-12-28,email_open_only
microstrategy-001,2024-12-31,contract_signed
microstrategy-001,2025-01-02,contract_signed
microstrategy-001,2025-01-09,link_click
microstrategy-001,2025-01-10,contract_signed
microstrategy-001,2025-01-11,content_download
microstrategy-001,2025-01-18,link_click
microstrategy-001,2025-01-21,contract_signed
modal-001,2024-11-04,report_open
modal-001,2024-12-05,report_open
modal-001,2024-12-16,link_click
modal-001,2024-12-18,report_open
modal-001,2024-12-19,report_open
modal-001,2025-01-07,link_click
modal-001,2025-01-15,content_download
modal-gpu-001,2024-10-26,link_click
modal-gpu-001,2024-11-07,link_click
modal-gpu-001,2024-11-18,proposal_download
modal-gpu-001,2024-12-01,report_open
modal-gpu-001,2024-12-29,email_open_only
modal-gpu-001,2025-01-10,report_open
modin-001,2024-10-30,proposal_download
modin-001,2024-11-23,report_open
modin-001,2024-11-26,content_download
modin-001,2024-12-10,report_open
modin-001,2024-12-25,link_click
modin-001,2025-01-20,content_download
mongodb-001,2024-10-26,meeting_accept
mongodb-001,2024-10-28,report_open
mongodb-001,2024-10-29,proposal_download
mongodb-001,2024-10-30,content_download
mongodb-001,2024-11-05,contract_signed
mongodb-001,2024-11-07,report_open
mongodb-001,2024-11-12,email_open_only
mongodb-001,2024-11-13,proposal_download
mongodb-001,2024-11-14,meeting_accept
mongodb-001,2024-11-22,report_open
mongodb-001,2024-11-23,report_open
mongodb-001,2024-11-27,email_open_only
mongodb-001,2024-12-01,email_open_only
mongodb-001,2024-12-05,meeting_accept
mongodb-001,2024-12-07,email_response
mongodb-001,2024-12-22,meeting_accept
mongodb-001,2024-12-25,link_click
mongodb-001,2025-01-12,report_open
mongodb-001,2025-01-17,email_open_only
mongodb-001,2025-01-23,meeting_accept
monte-carlo-001,2024-11-03,report_open
monte-carlo-001,2024-11-11,content_download
monte-carlo-001,2024-11-24,link_click
monte-carlo-001,2024-11-28,report_open
monte-carlo-001,2025-01-06,proposal_download
mqtt-001,2024-11-12,link_click
mqtt-001,2024-11-15,report_open
mqtt-001,2024-12-01,email_open_only
mqtt-001,2024-12-18,link_click
mqtt-001,2024-12-19,report_open
mqtt-001,2024-12-21,email_open_only
mqtt-001,2025-01-09,report_open
mqtt-aws-001,2024-11-08,proposal_download
mqtt-aws-001,2024-11-18,email_response
mqtt-aws-001,2024-11-22,proposal_download
mqtt-aws-001,2024-11-24,contract_signed
mqtt-aws-001,2024-12-10,link_click
mqtt-aws-001,2024-12-11,meeting_accept
mqtt-aws-001,2024-12-13,email_open_only
mqtt-aws-001,2024-12-17,report_open
mqtt-aws-001,2024-12-19,content_download
mqtt-aws-001,2024-12-21,report_open
mqtt-aws-001,2024-12-25,email_open_only
mqtt-aws-001,2024-12-29,meeting_accept
mqtt-aws-001,2024-12-30,link_click
mqtt-aws-001,2025-01-09,link_click
mqtt-aws-001,2025-01-20,contract_signed
mqtt-aws-001,2025-01-23,report_open
nano-001,2024-11-09,report_open
nano-001,2024-12-07,report_open
nano-001,2024-12-10,link_click
nano-001,2024-12-17,report_open
nano-001,2024-12-19,report_open
nano-001,2024-12-31,report_open
nano-001,2025-01-03,report_open
nats-001,2024-11-28,content_download
nats-001,2024-12-04,report_open
nats-001,2024-12-10,report_open
nats-001,2024-12-11,link_click
nats-001,2024-12-24,report_open
nats-001,2024-12-28,link_click
nats-001,2024-12-30,content_download
nats-001,2025-01-17,contract_signed
neovim-001,2024-11-22,report_open
neovim-001,2024-12-11,meeting_accept
neovim-001,2024-12-20,content_download
neovim-001,2024-12-25,email_response
nestjs-001,2024-11-05,content_download
nestjs-001,2024-11-06,email_response
nestjs-001,2024-11-20,report_open
nestjs-001,2024-12-02,email_open_only
nestjs-001,2024-12-08,email_open_only
nestjs-001,2024-12-11,content_download
nestjs-001,2024-12-23,email_open_only
nestjs-001,2025-01-02,email_response
nestjs-001,2025-01-16,link_click
new-relic-001,2024-11-07,proposal_download
new-relic-001,2024-11-08,report_open
new-relic-001,2024-11-09,link_click
new-relic-001,2024-11-13,link_click
new-relic-001,2024-11-14,report_open
new-relic-001,2024-12-01,link_click
new-relic-001,2024-12-09,email_response
new-relic-001,2024-12-18,proposal_download
new-relic-001,2024-12-31,report_open
new-relic-001,2025-01-02,report_open
new-relic-001,2025-01-06,report_open
new-relic-001,2025-01-08,report_open
new-relic-001,2025-01-09,report_open
new-relic-001,2025-01-13,link_click
new-relic-001,2025-01-23,content_download
next-js-001,2024-10-26,email_open_only
next-js-001,2024-11-01,content_download
next-js-001,2024-11-05,content_download
next-js-001,2024-11-18,content_download
next-js-001,2024-11-21,contract_signed
next-js-001,2024-11-22,link_click
next-js-001,2024-11-25,report_open
next-js-001,2024-11-26,report_open
next-js-001,2024-11-30,report_open
next-js-001,2024-12-17,meeting_accept
next-js-001,2024-12-21,contract_signed
next-js-001,2024-12-23,content_download
next-js-001,2024-12-25,link_click
next-js-001,2024-12-28,contract_signed
next-js-001,2025-01-03,meeting_accept
next-js-001,2025-01-04,report_open
next-js-001,2025-01-05,email_open_only
next-js-001,2025-01-09,report_open
next-js-001,2025-01-10,report_open
next-js-001,2025-01-11,content_download
next-js-001,2025-01-21,content_download
next-js-001,2025-01-23,report_open
nodejs-001,2024-10-30,content_download
nodejs-001,2024-11-01,email_open_only
nodejs-001,2024-11-04,report_open
nodejs-001,2024-11-06,email_response
nodejs-001,2024-11-17,content_download
nodejs-001,2024-11-27,proposal_download
nodejs-001,2024-12-07,report_open
notion-001,2024-11-05,proposal_download
notion-001,2024-11-06,meeting_accept
notion-001,2024-11-25,meeting_accept
notion-001,2024-12-01,report_open
notion-001,2024-12-07,content_download
notion-001,2024-12-30,report_open
notion-001,2025-01-13,report_open
notion-001,2025-01-15,email_open_only
notion-001,2025-01-18,report_open
notion-001,2025-01-20,report_open
nuclio-001,2024-11-15,email_open_only
nuclio-001,2024-12-11,email_response
nuclio-001,2024-12-18,email_open_only
nuclio-001,2024-12-25,content_download
nuclio-001,2025-01-13,proposal_download
nuclio-001,2025-01-17,report_open
nuclio-001,2025-01-20,email_response
nuxt-001,2024-10-27,link_click
nuxt-001,2024-11-20,report_open
nuxt-001,2024-12-01,email_open_only
nuxt-001,2025-01-15,content_download
nuxt-001,2025-01-22,link_click
objective-c-001,2024-11-05,email_open_only
objective-c-001,2024-11-23,link_click
objective-c-001,2024-11-25,link_click
objective-c-001,2024-11-28,report_open
objective-c-001,2024-11-29,link_click
objective-c-001,2024-12-01,contract_signed
objective-c-001,2024-12-13,report_open
objective-c-001,2024-12-19,email_response
objective-c-001,2024-12-31,report_open
objective-c-001,2025-01-12,email_open_only
objective-c-001,2025-01-14,proposal_download
objective-c-001,2025-01-17,report_open
objective-c-001,2025-01-21,link_click
objective-c-001,2025-01-22,email_open_only
openai-001,2024-10-29,report_open
openai-001,2024-10-31,contract_signed
openai-001,2024-11-03,report_open
openai-001,2024-11-04,link_click
openai-001,2024-11-08,link_click
openai-001,2024-11-10,report_open
openai-001,2024-11-20,link_click
openai-001,2024-11-26,proposal_download
openai-001,2024-12-03,meeting_accept
openai-001,2024-12-04,report_open
openai-001,2024-12-09,report_open
openai-001,2024-12-12,meeting_accept
openai-001,2024-12-13,report_open
openai-001,2024-12-15,email_open_only
openai-001,2024-12-19,meeting_accept
openai-001,2024-12-29,content_download
openai-001,2025-01-02,content_download
openai-001,2025-01-06,meeting_accept
openai-001,2025-01-07,report_open
openai-001,2025-01-08,proposal_download
openai-001,2025-01-09,meeting_accept
openai-001,2025-01-10,report_open
openai-001,2025-01-23,email_response
openfaas-001,2024-10-26,email_open_only
openfaas-001,2024-10-27,report_open
openfaas-001,2024-10-28,report_open
openfaas-001,2024-11-08,report_open
openfaas-001,2024-11-09,report_open
openfaas-001,2024-11-16,link_click
openfaas-001,2024-12-15,email_response
openfaas-001,2024-12-20,report_open
openfaas-001,2025-01-02,report_open
openwhisk-001,2024-10-27,link_click
openwhisk-001,2024-10-29,meeting_accept
openwhisk-001,2024-11-03,link_click
openwhisk-001,2024-11-05,link_click
openwhisk-001,2024-11-13,report_open
openwhisk-001,2024-12-08,report_open
openwhisk-001,2024-12-11,report_open
openwhisk-001,2024-12-21,email_open_only
openwhisk-001,2024-12-31,report_open
paperspace-001,2024-11-08,content_download
paperspace-001,2024-11-12,email_response
paperspace-001,2024-12-06,report_open
paperspace-001,2025-01-22,email_open_only
perforce-helix-001,2024-11-03,report_open
perforce-helix-001,2024-11-10,report_open
perforce-helix-001,2024-11-18,meeting_accept
perforce-helix-001,2024-11-21,email_response
perforce-helix-001,2024-12-15,contract_signed
perforce-helix-001,2024-12-27,proposal_download
perforce-helix-001,2024-12-31,email_open_only
perforce-helix-001,2025-01-01,email_open_only
perforce-helix-001,2025-01-02,email_open_only
perforce-helix-001,2025-01-05,meeting_accept
perforce-helix-001,2025-01-08,report_open
perforce-helix-001,2025-01-10,link_click
perforce-helix-001,2025-01-17,link_click
perforce-helix-001,2025-01-18,meeting_accept
perforce-helix-001,2025-01-22,report_open
perl-001,2024-10-29,email_response
perl-001,2024-11-09,content_download
perl-001,2024-11-28,report_open
perl-001,2024-12-23,report_open
perl-001,2024-12-26,content_download
perl-001,2025-01-09,email_open_only
perl-001,2025-01-21,contract_signed
php-001,2024-11-04,report_open
php-001,2024-12-02,report_open
php-001,2024-12-29,report_open
php-001,2025-01-05,content_download
polars-001,2024-11-07,email_open_only
polars-001,2024-11-12,email_response
polars-001,2024-12-13,content_download
polars-001,2024-12-20,report_open
polars-001,2025-01-01,content_download
posit-rstudio-001,2024-10-26,report_open
posit-rstudio-001,2024-10-30,contract_signed
posit-rstudio-001,2024-11-07,report_open
posit-rstudio-001,2024-11-09,contract_signed
posit-rstudio-001,2024-11-10,contract_signed
posit-rstudio-001,2024-11-20,email_open_only
posit-rstudio-001,2024-11-22,content_download
posit-rstudio-001,2024-11-23,report_open
posit-rstudio-001,2024-12-02,proposal_download
posit-rstudio-001,2024-12-09,email_open_only
posit-rstudio-001,2024-12-12,meeting_accept
posit-rstudio-001,2024-12-13,report_open
posit-rstudio-001,2024-12-15,contract_signed
posit-rstudio-001,2024-12-17,content_download
posit-rstudio-001,2024-12-18,report_open
posit-rstudio-001,2024-12-21,email_open_only
posit-rstudio-001,2024-12-23,email_open_only
posit-rstudio-001,2024-12-24,report_open
posit-rstudio-001,2024-12-25,report_open
posit-rstudio-001,2024-12-29,proposal_download
posit-rstudio-001,2025-01-04,report_open
posit-rstudio-001,2025-01-08,report_open
posit-rstudio-001,2025-01-15,link_click
postgresql-001,2024-10-30,contract_signed
postgresql-001,2024-11-01,report_open
postgresql-001,2024-11-19,report_open
postgresql-001,2024-11-27,proposal_download
postgresql-001,2024-12-01,report_open
postgresql-001,2024-12-04,link_click
postgresql-001,2024-12-10,email_open_only
postgresql-001,2024-12-15,content_download
postgresql-001,2024-12-25,content_download
postgresql-001,2024-12-30,report_open
postgresql-001,2025-01-03,report_open
postgresql-001,2025-01-16,report_open
postgresql-001,2025-01-17,email_response
power-bi-001,2024-10-26,email_open_only
power-bi-001,2024-10-27,report_open
power-bi-001,2024-11-04,content_download
power-bi-001,2024-11-12,report_open
power-bi-001,2024-11-14,proposal_download
power-bi-001,2024-11-19,meeting_accept
power-bi-001,2024-11-20,report_open
power-bi-001,2024-12-07,report_open
power-bi-001,2024-12-12,link_click
power-bi-001,2024-12-13,link_click
power-bi-001,2024-12-15,content_download
power-bi-001,2024-12-16,report_open
power-bi-001,2024-12-18,report_open
power-bi-001,2024-12-25,proposal_download
power-bi-001,2024-12-26,report_open
power-bi-001,2024-12-27,report_open
power-bi-001,2024-12-29,report_open
power-bi-001,2025-01-05,email_response
power-bi-001,2025-01-11,contract_signed
prefect-001,2024-10-31,report_open
prefect-001,2024-11-09,report_open
prefect-001,2024-11-10,report_open
prefect-001,2024-12-02,report_open
prefect-001,2024-12-12,link_click
prefect-001,2024-12-17,report_open
prefect-001,2025-01-07,report_open
prefect-001,2025-01-11,email_open_only
prometheus-001,2024-11-16,proposal_download
prometheus-001,2024-11-25,report_open
prometheus-001,2024-12-05,meeting_accept
prometheus-001,2024-12-09,report_open
pulumi-001,2024-10-31,report_open
pulumi-001,2024-11-09,report_open
pulumi-001,2024-11-16,report_open
pulumi-001,2024-11-29,report_open
pulumi-001,2024-12-11,report_open
pulumi-001,2024-12-23,report_open
pulumi-001,2024-12-28,email_open_only
pulumi-001,2024-12-30,report_open
pulumi-001,2025-01-03,contract_signed
pulumi-001,2025-01-04,email_response
pulumi-001,2025-01-06,email_open_only
pulumi-001,2025-01-07,report_open
puppet-001,2024-11-08,email_open_only
puppet-001,2024-11-12,contract_signed
puppet-001,2024-11-13,report_open
puppet-001,2024-12-03,email_response
puppet-001,2024-12-05,report_open
puppet-001,2024-12-12,link_click
puppet-001,2024-12-13,email_response
puppet-001,2025-01-16,content_download
puppet-001,2025-01-20,report_open
python-001,2024-10-29,meeting_accept
python-001,2024-10-31,contract_signed
python-001,2024-12-01,report_open
python-001,2024-12-12,contract_signed
python-001,2024-12-22,report_open
python-001,2024-12-27,report_open
python-001,2024-12-30,report_open
python-001,2024-12-31,email_open_only
qlik-001,2024-10-26,link_click
qlik-001,2024-10-28,report_open
qlik-001,2024-10-31,email_response
qlik-001,2024-11-05,contract_signed
qlik-001,2024-11-07,proposal_download
qlik-001,2024-11-19,meeting_accept
qlik-001,2024-11-24,report_open
qlik-001,2024-12-06,link_click
qlik-001,2024-12-09,link_click
qlik-001,2024-12-11,report_open
qlik-001,2024-12-14,proposal_download
qlik-001,2024-12-16,meeting_accept
qlik-001,2024-12-17,report_open
qlik-001,2024-12-19,proposal_download
qlik-001,2024-12-21,report_open
qlik-001,2024-12-25,link_click
qlik-001,2024-12-27,report_open
qlik-001,2024-12-30,contract_signed
qlik-001,2025-01-14,report_open
qlik-001,2025-01-15,proposal_download
qlik-001,2025-01-18,report_open
qlik-001,2025-01-21,meeting_accept
qlik-001,2025-01-22,report_open
qlik-001,2025-01-23,meeting_accept
quarkus-001,2024-10-28,email_open_only
quarkus-001,2024-10-30,report_open
quarkus-001,2024-10-31,meeting_accept
quarkus-001,2024-11-04,report_open
quarkus-001,2024-11-13,meeting_accept
quarkus-001,2024-11-14,email_open_only
quarkus-001,2024-11-24,report_open
quarkus-001,2024-11-26,content_download
quarkus-001,2024-12-25,contract_signed
quarkus-001,2024-12-27,email_response
quarkus-001,2025-01-02,email_open_only
quarkus-001,2025-01-08,content_download
quarkus-001,2025-01-13,email_open_only
quarkus-001,2025-01-17,link_click
quarkus-001,2025-01-20,email_response
rabbitmq-001,2024-11-02,content_download
rabbitmq-001,2024-11-12,email_response
rabbitmq-001,2024-11-26,report_open
rabbitmq-001,2024-11-27,link_click
rabbitmq-001,2024-12-14,proposal_download
rabbitmq-001,2024-12-17,report_open
rabbitmq-001,2024-12-18,report_open
rabbitmq-001,2024-12-24,report_open
rabbitmq-001,2025-01-01,report_open
rabbitmq-001,2025-01-05,proposal_download
rails-001,2024-11-01,report_open
rails-001,2024-11-09,contract_signed
rails-001,2024-11-16,report_open
rails-001,2024-11-24,email_response
rails-001,2024-11-28,report_open
rails-001,2024-12-03,proposal_download
rails-001,2024-12-13,content_download
rails-001,2024-12-16,report_open
rails-001,2024-12-24,link_click
rails-001,2024-12-25,content_download
rails-001,2025-01-02,email_response
rails-001,2025-01-16,link_click
rails-001,2025-01-21,meeting_accept
railway-001,2024-11-08,report_open
railway-001,2024-11-13,report_open
railway-001,2024-11-14,report_open
railway-001,2024-11-17,proposal_download
railway-001,2024-11-20,report_open
railway-001,2024-11-25,report_open
railway-001,2024-11-27,link_click
railway-001,2025-01-11,email_open_only
railway-001,2025-01-16,contract_signed
railway-001,2025-01-17,report_open
ray-001,2024-11-17,report_open
ray-001,2024-11-28,link_click
ray-001,2024-12-07,report_open
ray-001,2024-12-09,report_open
ray-001,2024-12-15,email_open_only
ray-001,2025-01-01,report_open
ray-001,2025-01-20,email_response
react-001,2024-10-29,report_open
react-001,2024-11-04,meeting_accept
react-001,2024-11-06,report_open
react-001,2024-11-09,report_open
react-001,2024-11-13,link_click
react-001,2024-11-16,email_open_only
react-001,2024-11-19,report_open
react-001,2024-11-26,meeting_accept
react-001,2024-11-29,email_open_only
react-001,2024-12-04,meeting_accept
react-001,2024-12-06,contract_signed
react-001,2024-12-09,contract_signed
react-001,2024-12-11,content_download
react-001,2024-12-17,report_open
react-001,2024-12-19,meeting_accept
react-001,2024-12-20,link_click
react-001,2024-12-21,email_open_only
react-001,2025-01-03,report_open
react-001,2025-01-07,contract_signed
react-001,2025-01-08,contract_signed
react-001,2025-01-11,report_open
react-001,2025-01-18,contract_signed
react-001,2025-01-23,report_open
react-native-001,2024-10-31,meeting_accept
react-native-001,2024-11-02,report_open
react-native-001,2024-11-04,contract_signed
react-native-001,2024-11-07,proposal_download
react-native-001,2024-11-22,report_open
react-native-001,2024-11-29,report_open
react-native-001,2024-12-03,proposal_download
react-native-001,2024-12-11,report_open
react-native-001,2024-12-12,report_open
react-native-001,2024-12-18,email_response
react-native-001,2024-12-24,meeting_accept
react-native-001,2024-12-31,report_open
react-native-001,2025-01-01,report_open
react-native-001,2025-01-05,report_open
react-native-001,2025-01-12,report_open
react-native-001,2025-01-15,contract_signed
redis-001,2024-10-30,link_click
redis-001,2024-11-03,report_open
redis-001,2024-11-04,content_download
redis-001,2024-11-11,contract_signed
redis-001,2024-11-12,meeting_accept
redis-001,2024-11-14,report_open
redis-001,2024-11-25,report_open
redis-001,2024-12-05,content_download
redis-001,2024-12-11,report_open
redis-001,2024-12-12,report_open
redis-001,2024-12-14,report_open
redis-001,2024-12-15,content_download
redis-001,2024-12-21,contract_signed
redis-001,2024-12-22,proposal_download
redis-001,2025-01-01,email_response
redis-001,2025-01-06,report_open
redis-001,2025-01-08,report_open
redis-001,2025-01-11,content_download
redis-001,2025-01-15,meeting_accept
redis-001,2025-01-16,content_download
redis-001,2025-01-17,link_click
redis-001,2025-01-20,email_open_only
redis-001,2025-01-21,meeting_accept
redis-001,2025-01-22,meeting_accept
redshift-001,2024-10-26,email_response
redshift-001,2024-10-30,content_download
redshift-001,2024-11-02,report_open
redshift-001,2024-11-06,email_open_only
redshift-001,2024-11-15,contract_signed
redshift-001,2024-11-20,meeting_accept
redshift-001,2024-11-24,proposal_download
redshift-001,2024-12-01,report_open
redshift-001,2024-12-06,proposal_download
redshift-001,2024-12-17,email_open_only
redshift-001,2024-12-25,report_open
redshift-001,2024-12-26,report_open
redshift-001,2025-01-02,report_open
redshift-001,2025-01-04,proposal_download
redshift-001,2025-01-07,report_open
redshift-001,2025-01-16,report_open
redshift-001,2025-01-17,link_click
remix-001,2024-11-02,link_click
remix-001,2024-11-14,content_download
remix-001,2024-12-07,email_response
remix-001,2024-12-17,email_open_only
remix-001,2024-12-23,meeting_accept
remix-001,2024-12-24,report_open
remix-001,2024-12-26,report_open
remix-001,2024-12-31,email_response
remix-001,2025-01-02,report_open
remix-001,2025-01-14,email_open_only
render-001,2024-10-31,report_open
render-001,2024-11-14,content_download
render-001,2024-11-19,link_click
render-001,2024-12-06,content_download
render-001,2024-12-22,email_open_only
render-001,2024-12-25,content_download
render-001,2024-12-29,email_response
render-001,2025-01-07,content_download
render-001,2025-01-11,meeting_accept
render-001,2025-01-17,report_open
replit-001,2024-11-08,report_open
replit-001,2024-11-09,email_open_only
replit-001,2024-11-23,report_open
replit-001,2024-11-30,link_click
replit-001,2024-12-09,link_click
replit-001,2024-12-12,email_open_only
replit-001,2024-12-26,report_open
replit-001,2025-01-05,email_response
replit-001,2025-01-07,report_open
rest-001,2024-11-06,email_response
rest-001,2024-11-11,report_open
rest-001,2024-11-22,contract_signed
rest-001,2024-11-25,report_open
rest-001,2024-12-02,report_open
rest-001,2024-12-10,proposal_download
rest-001,2025-01-16,email_open_only
retool-001,2024-11-22,email_open_only
retool-001,2024-11-24,report_open
retool-001,2024-12-08,proposal_download
retool-001,2024-12-17,report_open
retool-001,2024-12-20,contract_signed
retool-001,2024-12-22,content_download
retool-001,2024-12-23,report_open
retool-001,2025-01-04,email_response
retool-001,2025-01-17,report_open
rmi-001,2024-10-30,link_click
rmi-001,2024-11-18,proposal_download
rmi-001,2024-11-21,report_open
rmi-001,2024-11-28,link_click
rmi-001,2024-12-12,report_open
rmi-001,2025-01-05,report_open
rmi-001,2025-01-19,report_open
ruby-001,2024-10-27,content_download
ruby-001,2024-11-17,contract_signed
ruby-001,2024-11-19,email_response
ruby-001,2024-11-20,email_open_only
ruby-001,2024-12-01,email_response
ruby-001,2024-12-21,proposal_download
ruby-001,2024-12-28,report_open
ruby-001,2024-12-31,report_open
ruby-001,2025-01-15,report_open
ruby-001,2025-01-18,proposal_download
runwayml-001,2024-11-08,email_open_only
runwayml-001,2024-11-09,proposal_download
runwayml-001,2024-11-13,content_download
runwayml-001,2024-12-24,report_open
runwayml-001,2025-01-07,report_open
runwayml-001,2025-01-16,contract_signed
rust-001,2024-11-17,link_click
rust-001,2024-11-28,report_open
rust-001,2024-11-30,report_open
rust-001,2024-12-13,report_open
rust-001,2024-12-31,content_download
rust-001,2025-01-03,content_download
rust-001,2025-01-06,content_download
rust-001,2025-01-08,report_open
rust-001,2025-01-15,proposal_download
scala-001,2024-10-26,report_open
scala-001,2024-12-12,contract_signed
scala-001,2024-12-18,content_download
scala-001,2024-12-20,report_open
scala-001,2024-12-31,contract_signed
scala-001,2025-01-03,report_open
scala-001,2025-01-17,report_open
scala-001,2025-01-20,report_open
sisense-001,2024-10-27,link_click
sisense-001,2024-11-02,report_open
sisense-001,2024-11-08,report_open
sisense-001,2024-11-13,contract_signed
sisense-001,2024-11-16,email_open_only
sisense-001,2024-11-20,report_open
sisense-001,2024-11-21,report_open
sisense-001,2024-11-22,email_response
sisense-001,2024-12-02,proposal_download
sisense-001,2024-12-11,content_download
sisense-001,2024-12-13,email_open_only
sisense-001,2024-12-19,content_download
sisense-001,2025-01-07,email_open_only
sisense-001,2025-01-17,report_open
sisense-001,2025-01-20,contract_signed
slack-001,2024-10-29,report_open
slack-001,2024-10-30,link_click
slack-001,2024-10-31,report_open
slack-001,2024-11-08,report_open
slack-001,2024-11-11,content_download
slack-001,2024-11-13,report_open
slack-001,2024-11-14,contract_signed
slack-001,2024-11-15,report_open
slack-001,2024-11-17,report_open
slack-001,2024-11-21,email_open_only
slack-001,2024-11-25,proposal_download
slack-001,2024-11-26,report_open
slack-001,2024-12-04,proposal_download
slack-001,2024-12-10,content_download
slack-001,2024-12-11,email_response
slack-001,2024-12-12,report_open
slack-001,2024-12-17,report_open
slack-001,2024-12-20,link_click
slack-001,2025-01-02,link_click
slack-001,2025-01-04,proposal_download
slack-001,2025-01-05,report_open
slack-001,2025-01-06,meeting_accept
slack-001,2025-01-08,email_response
slack-001,2025-01-12,contract_signed
slack-001,2025-01-16,proposal_download
snowflake-001,2024-11-01,report_open
snowflake-001,2024-11-07,report_open
snowflake-001,2024-11-10,email_open_only
snowflake-001,2024-11-13,report_open
snowflake-001,2024-11-15,contract_signed
snowflake-001,2024-11-19,link_click
snowflake-001,2024-11-26,report_open
snowflake-001,2024-11-29,report_open
snowflake-001,2024-12-02,contract_signed
snowflake-001,2024-12-05,contract_signed
snowflake-001,2024-12-06,meeting_accept
snowflake-001,2024-12-14,report_open
snowflake-001,2024-12-18,meeting_accept
snowflake-001,2024-12-22,link_click
snowflake-001,2024-12-24,report_open
snowflake-001,2024-12-28,report_open
snowflake-001,2024-12-30,link_click
snowflake-001,2025-01-05,email_open_only
snowflake-001,2025-01-07,proposal_download
snowflake-001,2025-01-11,link_click
snowflake-001,2025-01-12,report_open
snowflake-001,2025-01-20,link_click
soap-001,2024-11-05,report_open
soap-001,2024-11-21,report_open
soap-001,2024-11-29,content_download
soap-001,2024-12-07,report_open
soap-001,2025-01-03,report_open
soap-001,2025-01-07,content_download
soap-001,2025-01-12,email_response
soap-001,2025-01-13,link_click
soap-001,2025-01-21,content_download
soap-001,2025-01-23,proposal_download
soda-001,2024-11-27,report_open
soda-001,2024-12-07,content_download
soda-001,2025-01-09,report_open
soda-001,2025-01-14,report_open
sourcetree-001,2024-11-18,report_open
sourcetree-001,2024-11-26,report_open
sourcetree-001,2024-11-30,content_download
sourcetree-001,2024-12-01,report_open
sourcetree-001,2024-12-10,link_click
sourcetree-001,2024-12-18,email_response
sourcetree-001,2024-12-19,report_open
sourcetree-001,2024-12-21,proposal_download
sourcetree-001,2024-12-23,email_open_only
sourcetree-001,2024-12-24,report_open
sourcetree-001,2024-12-29,report_open
sourcetree-001,2025-01-11,report_open
sourcetree-001,2025-01-20,email_open_only
splunk-001,2024-10-29,report_open
splunk-001,2024-10-30,proposal_download
splunk-001,2024-11-01,email_open_only
splunk-001,2024-11-10,link_click
splunk-001,2024-11-20,report_open
splunk-001,2024-11-25,report_open
splunk-001,2024-11-30,report_open
splunk-001,2024-12-11,meeting_accept
splunk-001,2024-12-12,email_open_only
splunk-001,2024-12-15,report_open
splunk-001,2024-12-22,contract_signed
splunk-001,2024-12-23,meeting_accept
splunk-001,2024-12-24,report_open
splunk-001,2024-12-27,report_open
splunk-001,2024-12-29,proposal_download
splunk-001,2025-01-10,proposal_download
splunk-001,2025-01-15,proposal_download
splunk-001,2025-01-21,email_open_only
spring-001,2024-10-27,contract_signed
spring-001,2024-11-01,report_open
spring-001,2024-12-04,report_open
spring-001,2024-12-07,report_open
spring-001,2024-12-08,proposal_download
spring-001,2024-12-18,report_open
spring-001,2024-12-23,report_open
spring-001,2024-12-25,email_response
spring-001,2024-12-30,email_response
spring-001,2025-01-02,contract_signed
spring-001,2025-01-03,report_open
spring-001,2025-01-07,report_open
spring-001,2025-01-08,proposal_download
spring-001,2025-01-12,email_open_only
spring-001,2025-01-15,contract_signed
spring-001,2025-01-21,report_open
stackstorm-001,2024-10-30,email_open_only
stackstorm-001,2024-11-05,content_download
stackstorm-001,2024-11-20,link_click
stackstorm-001,2024-12-03,link_click
stackstorm-001,2024-12-09,contract_signed
stackstorm-001,2024-12-16,report_open
stackstorm-001,2024-12-21,content_download
stackstorm-001,2025-01-17,email_open_only
stackstorm-001,2025-01-23,report_open
stomp-001,2024-11-02,proposal_download
stomp-001,2024-11-13,report_open
stomp-001,2024-11-15,email_open_only
stomp-001,2024-12-05,email_response
stomp-001,2024-12-24,report_open
stomp-001,2025-01-08,report_open
stripe-001,2024-10-30,report_open
stripe-001,2024-11-06,proposal_download
stripe-001,2024-11-08,meeting_accept
stripe-001,2024-11-15,email_open_only
stripe-001,2024-11-27,report_open
stripe-001,2024-12-01,report_open
stripe-001,2024-12-05,contract_signed
stripe-001,2024-12-06,contract_signed
stripe-001,2024-12-07,contract_signed
stripe-001,2024-12-09,contract_signed
stripe-001,2024-12-16,content_download
stripe-001,2024-12-17,report_open
stripe-001,2024-12-23,report_open
stripe-001,2024-12-25,content_download
stripe-001,2024-12-28,meeting_accept
stripe-001,2025-01-04,report_open
stripe-001,2025-01-18,report_open
stripe-001,2025-01-19,contract_signed
stripe-001,2025-01-22,report_open
sublime-text-001,2024-11-05,report_open
sublime-text-001,2024-11-08,email_open_only
sublime-text-001,2024-11-18,content_download
sublime-text-001,2024-12-24,report_open
sublime-text-001,2025-01-02,report_open
sublime-text-001,2025-01-16,email_open_only
sumo-logic-001,2024-10-26,report_open
sumo-logic-001,2024-10-27,link_click
sumo-logic-001,2024-11-06,report_open
sumo-logic-001,2024-11-09,report_open
sumo-logic-001,2024-11-14,report_open
sumo-logic-001,2024-11-21,email_open_only
sumo-logic-001,2024-11-25,contract_signed
sumo-logic-001,2024-12-07,email_open_only
sumo-logic-001,2024-12-26,report_open
sumo-logic-001,2024-12-28,meeting_accept
sumo-logic-001,2024-12-30,report_open
sumo-logic-001,2025-01-04,contract_signed
sumo-logic-001,2025-01-07,email_response
sumo-logic-001,2025-01-19,report_open
sumo-logic-001,2025-01-22,meeting_accept
supabase-001,2024-11-05,proposal_download
supabase-001,2024-11-13,contract_signed
supabase-001,2024-12-06,report_open
supabase-001,2025-01-11,content_download
svelte-001,2024-11-06,report_open
svelte-001,2024-11-10,email_open_only
svelte-001,2024-11-15,email_response
svelte-001,2024-11-20,contract_signed
svelte-001,2024-11-27,email_response
svelte-001,2024-12-06,report_open
svelte-001,2024-12-23,report_open
svelte-001,2025-01-17,report_open
svelte-001,2025-01-22,email_open_only
swift-001,2024-11-05,report_open
swift-001,2024-11-08,contract_signed
swift-001,2024-11-11,report_open
swift-001,2024-11-14,contract_signed
swift-001,2024-11-16,contract_signed
swift-001,2024-11-24,email_open_only
swift-001,2024-11-26,report_open
swift-001,2024-11-28,report_open
swift-001,2024-12-01,email_open_only
swift-001,2024-12-04,meeting_accept
swift-001,2024-12-14,report_open
swift-001,2024-12-21,report_open
swift-001,2025-01-01,contract_signed
swift-001,2025-01-13,report_open
swift-001,2025-01-14,proposal_download
swift-001,2025-01-17,report_open
symfony-001,2024-11-20,content_download
symfony-001,2024-12-15,email_open_only
symfony-001,2024-12-27,report_open
symfony-001,2025-01-12,email_open_only
tableau-001,2024-10-30,report_open
tableau-001,2024-10-31,link_click
tableau-001,2024-11-02,report_open
tableau-001,2024-11-05,email_response
tableau-001,2024-11-12,report_open
tableau-001,2024-11-14,report_open
tableau-001,2024-11-20,email_response
tableau-001,2024-11-21,meeting_accept
tableau-001,2024-11-25,report_open
tableau-001,2024-11-26,report_open
tableau-001,2024-11-30,report_open
tableau-001,2024-12-02,contract_signed
tableau-001,2024-12-05,report_open
tableau-001,2024-12-07,email_open_only
tableau-001,2024-12-12,link_click
tableau-001,2024-12-13,contract_signed
tableau-001,2024-12-21,report_open
tableau-001,2024-12-28,email_open_only
tableau-001,2025-01-10,link_click
tableau-001,2025-01-13,meeting_accept
tableau-001,2025-01-16,meeting_accept
tabnine-001,2024-11-03,content_download
tabnine-001,2024-11-10,report_open
tabnine-001,2024-12-09,meeting_accept
tabnine-001,2024-12-11,contract_signed
tabnine-001,2024-12-18,report_open
tabnine-001,2024-12-20,email_response
tabnine-001,2024-12-22,report_open
tabnine-001,2024-12-26,report_open
tabnine-001,2024-12-29,report_open
tabnine-001,2025-01-01,meeting_accept
tabnine-001,2025-01-05,link_click
tabnine-001,2025-01-14,link_click
talend-001,2024-10-30,report_open
talend-001,2024-10-31,report_open
talend-001,2024-11-05,report_open
talend-001,2024-11-12,report_open
talend-001,2024-11-15,proposal_download
talend-001,2024-11-20,email_response
talend-001,2024-11-21,report_open
talend-001,2024-11-22,content_download
talend-001,2024-11-23,email_open_only
talend-001,2024-11-24,report_open
talend-001,2024-11-25,report_open
talend-001,2024-11-27,report_open
talend-001,2024-12-02,report_open
talend-001,2024-12-04,contract_signed
talend-001,2024-12-10,report_open
talend-001,2024-12-12,email_open_only
talend-001,2024-12-13,report_open
talend-001,2024-12-15,meeting_accept
talend-001,2024-12-19,contract_signed
talend-001,2024-12-21,email_response
talend-001,2024-12-22,contract_signed
talend-001,2024-12-31,email_open_only
talend-001,2025-01-04,content_download
talend-001,2025-01-07,link_click
talend-001,2025-01-12,email_response
tempo-001,2024-11-04,report_open
tempo-001,2024-12-03,meeting_accept
tempo-001,2024-12-05,email_response
tempo-001,2024-12-10,report_open
tempo-001,2024-12-27,link_click
tempo-001,2025-01-04,email_open_only
tempo-001,2025-01-07,report_open
tempo-001,2025-01-12,report_open
tempo-001,2025-01-18,content_download
temporal-001,2024-11-25,link_click
temporal-001,2025-01-02,link_click
temporal-001,2025-01-06,report_open
temporal-001,2025-01-08,report_open
temporal-001,2025-01-14,report_open
temporal-001,2025-01-19,content_download
terraform-001,2024-11-08,report_open
terraform-001,2024-11-09,proposal_download
terraform-001,2024-11-18,email_response
terraform-001,2024-11-20,report_open
terraform-001,2024-11-28,proposal_download
terraform-001,2024-12-05,meeting_accept
terraform-001,2024-12-06,report_open
terraform-001,2024-12-11,contract_signed
terraform-001,2024-12-23,report_open
terraform-001,2024-12-27,proposal_download
terraform-001,2025-01-01,report_open
terraform-001,2025-01-02,content_download
terraform-001,2025-01-07,email_response
terraform-001,2025-01-10,meeting_accept
terraform-001,2025-01-15,report_open
terraform-001,2025-01-19,report_open
together-ai-001,2024-10-26,email_open_only
together-ai-001,2024-11-09,report_open
together-ai-001,2024-11-26,link_click
together-ai-001,2024-12-25,meeting_accept
together-ai-001,2024-12-27,link_click
together-ai-001,2025-01-08,report_open
travis-ci-001,2024-11-26,report_open
travis-ci-001,2025-01-01,report_open
travis-ci-001,2025-01-03,link_click
travis-ci-001,2025-01-14,email_open_only
travis-ci-001,2025-01-16,report_open
trifacta-001,2024-10-31,email_open_only
trifacta-001,2024-11-06,proposal_download
trifacta-001,2024-11-07,email_response
trifacta-001,2024-11-17,meeting_accept
trifacta-001,2024-11-18,report_open
trifacta-001,2024-11-26,contract_signed
trifacta-001,2024-12-01,meeting_accept
trifacta-001,2024-12-03,contract_signed
trifacta-001,2024-12-09,email_response
trifacta-001,2024-12-14,content_download
trifacta-001,2024-12-15,content_download
trifacta-001,2024-12-18,meeting_accept
trifacta-001,2024-12-20,proposal_download
trifacta-001,2024-12-23,email_response
trifacta-001,2024-12-24,email_response
trifacta-001,2025-01-07,link_click
trifacta-001,2025-01-11,meeting_accept
trifacta-001,2025-01-12,report_open
trifacta-001,2025-01-13,proposal_download
trifacta-001,2025-01-16,content_download
trifacta-001,2025-01-17,report_open
trifacta-001,2025-01-23,link_click
twilio-001,2024-10-30,report_open
twilio-001,2024-10-31,content_download
twilio-001,2024-11-11,proposal_download
twilio-001,2024-11-14,content_download
twilio-001,2024-11-19,report_open
twilio-001,2024-11-24,meeting_accept
twilio-001,2024-11-25,content_download
twilio-001,2024-12-05,email_open_only
twilio-001,2024-12-06,link_click
twilio-001,2024-12-07,report_open
twilio-001,2024-12-09,email_response
twilio-001,2024-12-13,contract_signed
twilio-001,2024-12-14,contract_signed
twilio-001,2024-12-17,email_response
twilio-001,2024-12-23,report_open
twilio-001,2024-12-25,report_open
twilio-001,2024-12-28,content_download
twilio-001,2024-12-29,proposal_download
twilio-001,2025-01-03,proposal_download
twilio-001,2025-01-04,report_open
twilio-001,2025-01-07,report_open
twilio-001,2025-01-13,report_open
twilio-001,2025-01-19,link_click
typescript-001,2024-10-28,report_open
typescript-001,2024-10-31,report_open
typescript-001,2024-11-26,report_open
typescript-001,2024-12-17,report_open
typescript-001,2025-01-16,report_open
vast-ai-001,2024-11-04,link_click
vast-ai-001,2024-11-05,email_open_only
vast-ai-001,2024-11-21,report_open
vast-ai-001,2024-11-26,report_open
vast-ai-001,2024-12-10,meeting_accept
vast-ai-001,2025-01-05,report_open
vast-ai-001,2025-01-16,report_open
vast-ai-001,2025-01-18,report_open
vast-ai-001,2025-01-22,report_open
vault-001,2024-10-29,email_open_only
vault-001,2024-11-03,report_open
vault-001,2024-11-18,report_open
vault-001,2024-11-20,report_open
vault-001,2024-11-21,report_open
vault-001,2024-12-02,report_open
vault-001,2024-12-17,meeting_accept
vault-001,2024-12-21,proposal_download
vault-001,2024-12-24,report_open
vault-001,2025-01-03,report_open
vault-001,2025-01-04,email_response
vault-001,2025-01-06,report_open
vault-001,2025-01-09,contract_signed
vault-001,2025-01-20,meeting_accept
vault-001,2025-01-21,report_open
vault-001,2025-01-22,proposal_download
vercel-001,2024-10-28,contract_signed
vercel-001,2024-11-01,report_open
vercel-001,2024-11-06,email_response
vercel-001,2024-11-10,report_open
vercel-001,2024-11-11,content_download
vercel-001,2024-11-19,content_download
vercel-001,2024-11-22,report_open
vercel-001,2024-11-26,proposal_download
vercel-001,2024-12-07,content_download
vercel-001,2024-12-23,email_open_only
vercel-001,2025-01-10,report_open
vercel-001,2025-01-15,report_open
vercel-001,2025-01-16,email_open_only
vercel-001,2025-01-18,email_response
vim-001,2024-10-26,report_open
vim-001,2024-11-11,email_open_only
vim-001,2024-12-22,email_response
vim-001,2024-12-31,meeting_accept
vim-001,2025-01-08,report_open
vim-001,2025-01-15,link_click
visual-studio-001,2024-11-02,meeting_accept
visual-studio-001,2024-11-04,link_click
visual-studio-001,2024-11-18,email_open_only
visual-studio-001,2024-11-22,proposal_download
visual-studio-001,2024-11-23,email_open_only
visual-studio-001,2024-12-05,content_download
visual-studio-001,2024-12-13,content_download
visual-studio-001,2024-12-15,email_response
visual-studio-001,2024-12-16,meeting_accept
visual-studio-001,2024-12-24,email_open_only
visual-studio-001,2024-12-26,report_open
visual-studio-001,2025-01-05,email_open_only
visual-studio-001,2025-01-11,email_open_only
visual-studio-001,2025-01-13,report_open
visual-studio-001,2025-01-16,contract_signed
visual-studio-001,2025-01-17,email_open_only
visual-studio-001,2025-01-22,proposal_download
vscode-001,2024-10-31,email_response
vscode-001,2024-11-11,report_open
vscode-001,2024-11-13,proposal_download
vscode-001,2024-11-15,email_open_only
vscode-001,2024-11-21,proposal_download
vscode-001,2024-11-25,proposal_download
vscode-001,2024-12-02,link_click
vscode-001,2024-12-08,report_open
vscode-001,2024-12-11,link_click
vscode-001,2024-12-14,email_response
vscode-001,2024-12-20,email_open_only
vscode-001,2024-12-22,report_open
vscode-001,2024-12-29,proposal_download
vscode-001,2024-12-31,meeting_accept
vscode-001,2025-01-11,email_response
vscode-001,2025-01-13,email_response
vscode-001,2025-01-17,email_open_only
vscode-001,2025-01-21,report_open
vue-001,2024-10-29,report_open
vue-001,2024-11-14,report_open
vue-001,2024-11-23,email_response
vue-001,2024-11-27,link_click
vue-001,2024-11-30,report_open
vue-001,2024-12-08,report_open
vue-001,2024-12-14,report_open
vue-001,2024-12-15,report_open
vue-001,2025-01-05,report_open
webrtc-001,2024-10-28,email_response
webrtc-001,2024-11-04,email_response
webrtc-001,2024-11-09,email_response
webrtc-001,2024-11-11,report_open
webrtc-001,2024-11-12,content_download
webrtc-001,2024-11-17,email_open_only
webrtc-001,2024-12-04,link_click
webrtc-001,2024-12-08,report_open
webrtc-001,2024-12-09,report_open
webrtc-001,2024-12-11,report_open
webrtc-001,2024-12-21,email_response
webrtc-001,2024-12-26,email_open_only
webrtc-001,2024-12-31,contract_signed
webrtc-001,2025-01-10,report_open
webrtc-001,2025-01-22,report_open
websocket-001,2024-11-07,report_open
websocket-001,2024-11-29,email_open_only
websocket-001,2024-12-11,report_open
websocket-001,2025-01-21,link_click
websocket-001,2025-01-22,content_download
websocket-001,2025-01-23,email_response
xamarin-001,2024-10-28,email_open_only
xamarin-001,2024-10-30,report_open
xamarin-001,2024-11-07,content_download
xamarin-001,2024-11-14,report_open
xamarin-001,2024-11-30,report_open
xamarin-001,2024-12-05,link_click
xamarin-001,2024-12-30,report_open
xamarin-001,2025-01-04,report_open
xamarin-001,2025-01-05,email_open_only
xamarin-001,2025-01-07,proposal_download
xamarin-001,2025-01-22,report_open
zed-001,2024-11-11,report_open
zed-001,2024-11-18,content_download
zed-001,2024-12-05,contract_signed
zed-001,2024-12-10,report_open
zed-001,2024-12-14,report_open
zed-001,2024-12-28,report_open
zipkin-001,2024-11-17,report_open
zipkin-001,2024-11-19,meeting_accept
zipkin-001,2024-12-02,link_click
zipkin-001,2024-12-22,report_open
zipkin-001,2025-01-21,email_response
